group,n,min,max,median,mean,at_grid_min,at_grid_max,lo,hi,count,share
overall,22759,0.0500,1.8000,0.1000,0.1574,8185,0,0.0000,0.0500,0,0.000000
overall,22759,0.0500,1.8000,0.1000,0.1574,8185,0,0.0500,0.1000,8185,0.359638
overall,22759,0.0500,1.8000,0.1000,0.1574,8185,0,0.1000,0.2000,9658,0.424360
overall,22759,0.0500,1.8000,0.1000,0.1574,8185,0,0.2000,0.3000,2251,0.098906
overall,22759,0.0500,1.8000,0.1000,0.1574,8185,0,0.3000,0.5000,1175,0.051628
overall,22759,0.0500,1.8000,0.1000,0.1574,8185,0,0.5000,0.7500,747,0.032822
overall,22759,0.0500,1.8000,0.1000,0.1574,8185,0,0.7500,1.0000,475,0.020871
overall,22759,0.0500,1.8000,0.1000,0.1574,8185,0,1.0000,1.5000,260,0.011424
overall,22759,0.0500,1.8000,0.1000,0.1574,8185,0,1.5000,2.0000,8,0.000352
boolq,2069,0.0500,0.7500,0.0500,0.0715,1776,0,0.0000,0.0500,0,0.000000
boolq,2069,0.0500,0.7500,0.0500,0.0715,1776,0,0.0500,0.1000,1776,0.858386
boolq,2069,0.0500,0.7500,0.0500,0.0715,1776,0,0.1000,0.2000,148,0.071532
boolq,2069,0.0500,0.7500,0.0500,0.0715,1776,0,0.2000,0.3000,70,0.033833
boolq,2069,0.0500,0.7500,0.0500,0.0715,1776,0,0.3000,0.5000,68,0.032866
boolq,2069,0.0500,0.7500,0.0500,0.0715,1776,0,0.5000,0.7500,6,0.002900
boolq,2069,0.0500,0.7500,0.0500,0.0715,1776,0,0.7500,1.0000,1,0.000483
boolq,2069,0.0500,0.7500,0.0500,0.0715,1776,0,1.0000,1.5000,0,0.000000
boolq,2069,0.0500,0.7500,0.0500,0.0715,1776,0,1.5000,2.0000,0,0.000000
cb,2069,0.0500,1.8000,0.6000,0.5554,11,0,0.0000,0.0500,0,0.000000
cb,2069,0.0500,1.8000,0.6000,0.5554,11,0,0.0500,0.1000,11,0.005317
cb,2069,0.0500,1.8000,0.6000,0.5554,11,0,0.1000,0.2000,449,0.217013
cb,2069,0.0500,1.8000,0.6000,0.5554,11,0,0.2000,0.3000,224,0.108265
cb,2069,0.0500,1.8000,0.6000,0.5554,11,0,0.3000,0.5000,143,0.069116
cb,2069,0.0500,1.8000,0.6000,0.5554,11,0,0.5000,0.7500,538,0.260029
cb,2069,0.0500,1.8000,0.6000,0.5554,11,0,0.7500,1.0000,441,0.213146
cb,2069,0.0500,1.8000,0.6000,0.5554,11,0,1.0000,1.5000,255,0.123248
cb,2069,0.0500,1.8000,0.6000,0.5554,11,0,1.5000,2.0000,8,0.003867
cola,2069,0.0500,1.2000,0.0500,0.0812,1249,0,0.0000,0.0500,0,0.000000
cola,2069,0.0500,1.2000,0.0500,0.0812,1249,0,0.0500,0.1000,1249,0.603673
cola,2069,0.0500,1.2000,0.0500,0.0812,1249,0,0.1000,0.2000,738,0.356694
cola,2069,0.0500,1.2000,0.0500,0.0812,1249,0,0.2000,0.3000,45,0.021750
cola,2069,0.0500,1.2000,0.0500,0.0812,1249,0,0.3000,0.5000,27,0.013050
cola,2069,0.0500,1.2000,0.0500,0.0812,1249,0,0.5000,0.7500,7,0.003383
cola,2069,0.0500,1.2000,0.0500,0.0812,1249,0,0.7500,1.0000,2,0.000967
cola,2069,0.0500,1.2000,0.0500,0.0812,1249,0,1.0000,1.5000,1,0.000483
cola,2069,0.0500,1.2000,0.0500,0.0812,1249,0,1.5000,2.0000,0,0.000000
copa,2069,0.0500,0.9500,0.1000,0.1361,105,0,0.0000,0.0500,0,0.000000
copa,2069,0.0500,0.9500,0.1000,0.1361,105,0,0.0500,0.1000,105,0.050749
copa,2069,0.0500,0.9500,0.1000,0.1361,105,0,0.1000,0.2000,1635,0.790237
copa,2069,0.0500,0.9500,0.1000,0.1361,105,0,0.2000,0.3000,231,0.111648
copa,2069,0.0500,0.9500,0.1000,0.1361,105,0,0.3000,0.5000,89,0.043016
copa,2069,0.0500,0.9500,0.1000,0.1361,105,0,0.5000,0.7500,8,0.003867
copa,2069,0.0500,0.9500,0.1000,0.1361,105,0,0.7500,1.0000,1,0.000483
copa,2069,0.0500,0.9500,0.1000,0.1361,105,0,1.0000,1.5000,0,0.000000
copa,2069,0.0500,0.9500,0.1000,0.1361,105,0,1.5000,2.0000,0,0.000000
cr,2069,0.0500,0.7000,0.1000,0.1248,535,0,0.0000,0.0500,0,0.000000
cr,2069,0.0500,0.7000,0.1000,0.1248,535,0,0.0500,0.1000,535,0.258579
cr,2069,0.0500,0.7000,0.1000,0.1248,535,0,0.1000,0.2000,1212,0.585790
cr,2069,0.0500,0.7000,0.1000,0.1248,535,0,0.2000,0.3000,194,0.093765
cr,2069,0.0500,0.7000,0.1000,0.1248,535,0,0.3000,0.5000,102,0.049299
cr,2069,0.0500,0.7000,0.1000,0.1248,535,0,0.5000,0.7500,26,0.012566
cr,2069,0.0500,0.7000,0.1000,0.1248,535,0,0.7500,1.0000,0,0.000000
cr,2069,0.0500,0.7000,0.1000,0.1248,535,0,1.0000,1.5000,0,0.000000
cr,2069,0.0500,0.7000,0.1000,0.1248,535,0,1.5000,2.0000,0,0.000000
mrpc,2069,0.0500,1.2000,0.0500,0.0939,1214,0,0.0000,0.0500,0,0.000000
mrpc,2069,0.0500,1.2000,0.0500,0.0939,1214,0,0.0500,0.1000,1214,0.586757
mrpc,2069,0.0500,1.2000,0.0500,0.0939,1214,0,0.1000,0.2000,681,0.329145
mrpc,2069,0.0500,1.2000,0.0500,0.0939,1214,0,0.2000,0.3000,96,0.046399
mrpc,2069,0.0500,1.2000,0.0500,0.0939,1214,0,0.3000,0.5000,57,0.027550
mrpc,2069,0.0500,1.2000,0.0500,0.0939,1214,0,0.5000,0.7500,14,0.006767
mrpc,2069,0.0500,1.2000,0.0500,0.0939,1214,0,0.7500,1.0000,6,0.002900
mrpc,2069,0.0500,1.2000,0.0500,0.0939,1214,0,1.0000,1.5000,1,0.000483
mrpc,2069,0.0500,1.2000,0.0500,0.0939,1214,0,1.5000,2.0000,0,0.000000
multirc,2069,0.0500,0.5000,0.0500,0.0858,1208,0,0.0000,0.0500,0,0.000000
multirc,2069,0.0500,0.5000,0.0500,0.0858,1208,0,0.0500,0.1000,1208,0.583857
multirc,2069,0.0500,0.5000,0.0500,0.0858,1208,0,0.1000,0.2000,696,0.336394
multirc,2069,0.0500,0.5000,0.0500,0.0858,1208,0,0.2000,0.3000,142,0.068632
multirc,2069,0.0500,0.5000,0.0500,0.0858,1208,0,0.3000,0.5000,22,0.010633
multirc,2069,0.0500,0.5000,0.0500,0.0858,1208,0,0.5000,0.7500,1,0.000483
multirc,2069,0.0500,0.5000,0.0500,0.0858,1208,0,0.7500,1.0000,0,0.000000
multirc,2069,0.0500,0.5000,0.0500,0.0858,1208,0,1.0000,1.5000,0,0.000000
multirc,2069,0.0500,0.5000,0.0500,0.0858,1208,0,1.5000,2.0000,0,0.000000
piqa,2069,0.0500,1.0000,0.1500,0.1524,16,0,0.0000,0.0500,0,0.000000
piqa,2069,0.0500,1.0000,0.1500,0.1524,16,0,0.0500,0.1000,16,0.007733
piqa,2069,0.0500,1.0000,0.1500,0.1524,16,0,0.1000,0.2000,1599,0.772837
piqa,2069,0.0500,1.0000,0.1500,0.1524,16,0,0.2000,0.3000,316,0.152731
piqa,2069,0.0500,1.0000,0.1500,0.1524,16,0,0.3000,0.5000,111,0.053649
piqa,2069,0.0500,1.0000,0.1500,0.1524,16,0,0.5000,0.7500,24,0.011600
piqa,2069,0.0500,1.0000,0.1500,0.1524,16,0,0.7500,1.0000,2,0.000967
piqa,2069,0.0500,1.0000,0.1500,0.1524,16,0,1.0000,1.5000,1,0.000483
piqa,2069,0.0500,1.0000,0.1500,0.1524,16,0,1.5000,2.0000,0,0.000000
rotten_tomatoes,2069,0.0500,1.1000,0.1000,0.1405,521,0,0.0000,0.0500,0,0.000000
rotten_tomatoes,2069,0.0500,1.1000,0.1000,0.1405,521,0,0.0500,0.1000,521,0.251812
rotten_tomatoes,2069,0.0500,1.1000,0.1000,0.1405,521,0,0.1000,0.2000,1162,0.561624
rotten_tomatoes,2069,0.0500,1.1000,0.1000,0.1405,521,0,0.2000,0.3000,177,0.085549
rotten_tomatoes,2069,0.0500,1.1000,0.1000,0.1405,521,0,0.3000,0.5000,135,0.065249
rotten_tomatoes,2069,0.0500,1.1000,0.1000,0.1405,521,0,0.5000,0.7500,66,0.031899
rotten_tomatoes,2069,0.0500,1.1000,0.1000,0.1405,521,0,0.7500,1.0000,7,0.003383
rotten_tomatoes,2069,0.0500,1.1000,0.1000,0.1405,521,0,1.0000,1.5000,1,0.000483
rotten_tomatoes,2069,0.0500,1.1000,0.1000,0.1405,521,0,1.5000,2.0000,0,0.000000
rte,2069,0.0500,0.9500,0.0500,0.1410,1062,0,0.0000,0.0500,0,0.000000
rte,2069,0.0500,0.9500,0.0500,0.1410,1062,0,0.0500,0.1000,1062,0.513291
rte,2069,0.0500,0.9500,0.0500,0.1410,1062,0,0.1000,0.2000,333,0.160947
rte,2069,0.0500,0.9500,0.0500,0.1410,1062,0,0.2000,0.3000,391,0.188980
rte,2069,0.0500,0.9500,0.0500,0.1410,1062,0,0.3000,0.5000,235,0.113581
rte,2069,0.0500,0.9500,0.0500,0.1410,1062,0,0.5000,0.7500,35,0.016916
rte,2069,0.0500,0.9500,0.0500,0.1410,1062,0,0.7500,1.0000,13,0.006283
rte,2069,0.0500,0.9500,0.0500,0.1410,1062,0,1.0000,1.5000,0,0.000000
rte,2069,0.0500,0.9500,0.0500,0.1410,1062,0,1.5000,2.0000,0,0.000000
scitail,2069,0.0500,1.2500,0.1500,0.1484,488,0,0.0000,0.0500,0,0.000000
scitail,2069,0.0500,1.2500,0.1500,0.1484,488,0,0.0500,0.1000,488,0.235863
scitail,2069,0.0500,1.2500,0.1500,0.1484,488,0,0.1000,0.2000,1005,0.485742
scitail,2069,0.0500,1.2500,0.1500,0.1484,488,0,0.2000,0.3000,365,0.176414
scitail,2069,0.0500,1.2500,0.1500,0.1484,488,0,0.3000,0.5000,186,0.089899
scitail,2069,0.0500,1.2500,0.1500,0.1484,488,0,0.5000,0.7500,22,0.010633
scitail,2069,0.0500,1.2500,0.1500,0.1484,488,0,0.7500,1.0000,2,0.000967
scitail,2069,0.0500,1.2500,0.1500,0.1484,488,0,1.0000,1.5000,1,0.000483
scitail,2069,0.0500,1.2500,0.1500,0.1484,488,0,1.5000,2.0000,0,0.000000
