method,combo,n_tasks,target,sar,sar_iso
base,mnli+qnli+qqp+anli_r1+paws+imdb+hellaswag,7,mrpc,0.6292634638292449,0.8710261418351105
base,mnli+qnli+qqp+anli_r1+paws+imdb+hellaswag,7,boolq,0.6493087528007371,0.8776752544300896
base,mnli+qnli+qqp+anli_r1+paws+imdb+hellaswag,7,rte,0.6938292163291148,0.8977336526981422
base,mnli+qnli+qqp+anli_r1+paws+imdb+hellaswag,7,cola,0.6052078783645162,0.8603891166193145
base,mnli+qnli+qqp+anli_r1+paws+imdb+hellaswag,7,cb,0.6827247483389718,0.8995776272245816
base,mnli+qnli+qqp+anli_r1+paws+imdb+hellaswag,7,scitail,0.7113664959158216,0.8938592528658253
base,mnli+qnli+qqp+anli_r1+paws+imdb+hellaswag,7,stsb,0.5456428207190973,0.8474493745182242
base,mnli+qnli+qqp+anli_r1+paws+imdb+hellaswag,7,cr,0.6701981845045728,0.8906180651060173
base,mnli+qnli+qqp+anli_r1+paws+imdb+hellaswag,7,rotten_tomatoes,0.68915291529681,0.8952127226761409
base,mnli+qnli+qqp+anli_r1+paws+imdb+hellaswag,7,multirc,0.6473653702331441,0.8769554743277175
base,mnli+qnli+qqp+anli_r1+paws+imdb+hellaswag,7,copa,0.5567440155760518,0.8497756762163979
base,mnli+qnli+qqp+anli_r1+paws+imdb+hellaswag,7,piqa,0.621964364179543,0.8692901613456863
base,mnli+qnli+qqp+anli_r1+paws+imdb+hellaswag+winogrande,8,mrpc,0.6319728240902934,0.8710304179361888
base,mnli+qnli+qqp+anli_r1+paws+imdb+hellaswag+winogrande,8,boolq,0.6537314014775413,0.8776523864695004
base,mnli+qnli+qqp+anli_r1+paws+imdb+hellaswag+winogrande,8,rte,0.6955043098756245,0.8974498925464494
base,mnli+qnli+qqp+anli_r1+paws+imdb+hellaswag+winogrande,8,cola,0.6079624307874057,0.8605256626116378
base,mnli+qnli+qqp+anli_r1+paws+imdb+hellaswag+winogrande,8,cb,0.6840943914971181,0.8991690538823605
base,mnli+qnli+qqp+anli_r1+paws+imdb+hellaswag+winogrande,8,scitail,0.7126820092754704,0.8935480516936097
base,mnli+qnli+qqp+anli_r1+paws+imdb+hellaswag+winogrande,8,stsb,0.5489861744988177,0.8475587455821889
base,mnli+qnli+qqp+anli_r1+paws+imdb+hellaswag+winogrande,8,cr,0.6745844068271774,0.8906465667699065
base,mnli+qnli+qqp+anli_r1+paws+imdb+hellaswag+winogrande,8,rotten_tomatoes,0.6931555390224925,0.8952024855784008
base,mnli+qnli+qqp+anli_r1+paws+imdb+hellaswag+winogrande,8,multirc,0.6511868779946651,0.8769784811884165
base,mnli+qnli+qqp+anli_r1+paws+imdb+hellaswag+winogrande,8,copa,0.5680448370320457,0.8529589000557151
base,mnli+qnli+qqp+anli_r1+paws+imdb+hellaswag+winogrande,8,piqa,0.6589903327237282,0.8786690086126328
base,mnli+qnli+qqp+anli_r1+paws+imdb+squad_v2,7,mrpc,0.652349681992616,0.870953875460795
base,mnli+qnli+qqp+anli_r1+paws+imdb+squad_v2,7,boolq,0.6766456730131593,0.8761027008295059
base,mnli+qnli+qqp+anli_r1+paws+imdb+squad_v2,7,rte,0.713680490319218,0.8950152908052716
base,mnli+qnli+qqp+anli_r1+paws+imdb+squad_v2,7,cola,0.6338740398309061,0.8633536446307387
base,mnli+qnli+qqp+anli_r1+paws+imdb+squad_v2,7,cb,0.703783765701311,0.8963882390941892
base,mnli+qnli+qqp+anli_r1+paws+imdb+squad_v2,7,scitail,0.7270675147218364,0.8921361693314144
base,mnli+qnli+qqp+anli_r1+paws+imdb+squad_v2,7,stsb,0.571915403008461,0.8482478239706585
base,mnli+qnli+qqp+anli_r1+paws+imdb+squad_v2,7,cr,0.6983031037130526,0.8878084963985852
base,mnli+qnli+qqp+anli_r1+paws+imdb+squad_v2,7,rotten_tomatoes,0.7157153364803109,0.8927498858954225
base,mnli+qnli+qqp+anli_r1+paws+imdb+squad_v2,7,multirc,0.6800104225320476,0.876986918172666
base,mnli+qnli+qqp+anli_r1+paws+imdb+squad_v2,7,copa,0.5885592393044915,0.8497237416782549
base,mnli+qnli+qqp+anli_r1+paws+imdb+squad_v2,7,piqa,0.611653228290379,0.8548958913556167
base,mnli+qnli+qqp+anli_r1+paws+imdb+squad_v2+hellaswag,8,mrpc,0.654330596859966,0.8710644670895168
base,mnli+qnli+qqp+anli_r1+paws+imdb+squad_v2+hellaswag,8,boolq,0.6780028295304094,0.8761146896119628
base,mnli+qnli+qqp+anli_r1+paws+imdb+squad_v2+hellaswag,8,rte,0.7156887182167598,0.8950366058519909
base,mnli+qnli+qqp+anli_r1+paws+imdb+squad_v2+hellaswag,8,cola,0.6362605543274965,0.863558081643922
base,mnli+qnli+qqp+anli_r1+paws+imdb+squad_v2+hellaswag,8,cb,0.7064561090831246,0.8964790425130299
base,mnli+qnli+qqp+anli_r1+paws+imdb+squad_v2+hellaswag,8,scitail,0.7277649396232196,0.8919324489044291
base,mnli+qnli+qqp+anli_r1+paws+imdb+squad_v2+hellaswag,8,stsb,0.5757252597250044,0.8486007382827145
base,mnli+qnli+qqp+anli_r1+paws+imdb+squad_v2+hellaswag,8,cr,0.6996845685477767,0.8878083793180329
base,mnli+qnli+qqp+anli_r1+paws+imdb+squad_v2+hellaswag,8,rotten_tomatoes,0.7165719552763871,0.8926744216254779
base,mnli+qnli+qqp+anli_r1+paws+imdb+squad_v2+hellaswag,8,multirc,0.68140315211245,0.8770620977239949
base,mnli+qnli+qqp+anli_r1+paws+imdb+squad_v2+hellaswag,8,copa,0.5958947442205889,0.8519376476428339
base,mnli+qnli+qqp+anli_r1+paws+imdb+squad_v2+hellaswag,8,piqa,0.6526139143056103,0.8680707993251937
base,mnli+qnli+qqp+anli_r1+paws+imdb+squad_v2+hellaswag+winogrande,9,mrpc,0.6557181999087334,0.8711363449692726
base,mnli+qnli+qqp+anli_r1+paws+imdb+squad_v2+hellaswag+winogrande,9,boolq,0.6812835202685424,0.8761505881058318
base,mnli+qnli+qqp+anli_r1+paws+imdb+squad_v2+hellaswag+winogrande,9,rte,0.7159822043031454,0.8947954757937363
base,mnli+qnli+qqp+anli_r1+paws+imdb+squad_v2+hellaswag+winogrande,9,cola,0.6376715398260525,0.863632843164461
base,mnli+qnli+qqp+anli_r1+paws+imdb+squad_v2+hellaswag+winogrande,9,cb,0.7071211713233164,0.8962000097547259
base,mnli+qnli+qqp+anli_r1+paws+imdb+squad_v2+hellaswag+winogrande,9,scitail,0.7278827314398119,0.8917942129607711
base,mnli+qnli+qqp+anli_r1+paws+imdb+squad_v2+hellaswag+winogrande,9,stsb,0.5773199935709792,0.8486170396208763
base,mnli+qnli+qqp+anli_r1+paws+imdb+squad_v2+hellaswag+winogrande,9,cr,0.7014248977814402,0.8878950370209557
base,mnli+qnli+qqp+anli_r1+paws+imdb+squad_v2+hellaswag+winogrande,9,rotten_tomatoes,0.7176703148122344,0.8927263324814183
base,mnli+qnli+qqp+anli_r1+paws+imdb+squad_v2+hellaswag+winogrande,9,multirc,0.6846488770097494,0.8770967439881393
base,mnli+qnli+qqp+anli_r1+paws+imdb+squad_v2+hellaswag+winogrande,9,copa,0.6038280350289175,0.8541673110531909
base,mnli+qnli+qqp+anli_r1+paws+imdb+squad_v2+hellaswag+winogrande,9,piqa,0.6832978362217546,0.8771462123841047
base,mnli+qnli+qqp+anli_r1+paws+imdb+squad_v2+winogrande,8,mrpc,0.6541678314762456,0.8710600350584302
base,mnli+qnli+qqp+anli_r1+paws+imdb+squad_v2+winogrande,8,boolq,0.6805309985897371,0.8762455585279635
base,mnli+qnli+qqp+anli_r1+paws+imdb+squad_v2+winogrande,8,rte,0.714512024340885,0.8947804532945156
base,mnli+qnli+qqp+anli_r1+paws+imdb+squad_v2+winogrande,8,cola,0.6359600548499397,0.8634402060082981
base,mnli+qnli+qqp+anli_r1+paws+imdb+squad_v2+winogrande,8,cb,0.7046972388135535,0.8960948123463562
base,mnli+qnli+qqp+anli_r1+paws+imdb+squad_v2+winogrande,8,scitail,0.727548085419195,0.8919819984585047
base,mnli+qnli+qqp+anli_r1+paws+imdb+squad_v2+winogrande,8,stsb,0.5747444056905806,0.8483552381928477
base,mnli+qnli+qqp+anli_r1+paws+imdb+squad_v2+winogrande,8,cr,0.7004425248929432,0.8879332271005426
base,mnli+qnli+qqp+anli_r1+paws+imdb+squad_v2+winogrande,8,rotten_tomatoes,0.7172123433223793,0.8928548041731119
base,mnli+qnli+qqp+anli_r1+paws+imdb+squad_v2+winogrande,8,multirc,0.6837601901165077,0.8770187095339809
base,mnli+qnli+qqp+anli_r1+paws+imdb+squad_v2+winogrande,8,copa,0.5979325308331421,0.8525027922753777
base,mnli+qnli+qqp+anli_r1+paws+imdb+squad_v2+winogrande,8,piqa,0.6658360076003841,0.8715126719325781
base,mnli+qnli+qqp+anli_r1+paws+imdb+winogrande,7,mrpc,0.6292036322078535,0.8710839365209851
base,mnli+qnli+qqp+anli_r1+paws+imdb+winogrande,7,boolq,0.6516268536714571,0.8777446656354836
base,mnli+qnli+qqp+anli_r1+paws+imdb+winogrande,7,rte,0.69243166915008,0.8974733512316432
base,mnli+qnli+qqp+anli_r1+paws+imdb+winogrande,7,cola,0.6047840315981635,0.8602587272013936
base,mnli+qnli+qqp+anli_r1+paws+imdb+winogrande,7,cb,0.6803348293261868,0.8992324423577104
base,mnli+qnli+qqp+anli_r1+paws+imdb+winogrande,7,scitail,0.7113483723785196,0.8937755195157868
base,mnli+qnli+qqp+anli_r1+paws+imdb+winogrande,7,stsb,0.5453131540811488,0.8472372123173305
base,mnli+qnli+qqp+anli_r1+paws+imdb+winogrande,7,cr,0.6711342015436718,0.8908218970256192
base,mnli+qnli+qqp+anli_r1+paws+imdb+winogrande,7,rotten_tomatoes,0.6899764927636299,0.895412504406912
base,mnli+qnli+qqp+anli_r1+paws+imdb+winogrande,7,multirc,0.6488672585359642,0.876890397763678
base,mnli+qnli+qqp+anli_r1+paws+imdb+winogrande,7,copa,0.5593454716061907,0.8508312023643937
base,mnli+qnli+qqp+anli_r1+paws+imdb+winogrande,7,piqa,0.6346611552206534,0.8724841512739658
base,mnli+qnli+qqp+anli_r1+paws+squad_v2,6,mrpc,0.64855095744133,0.8699009099176952
base,mnli+qnli+qqp+anli_r1+paws+squad_v2,6,boolq,0.6752121166459152,0.8758150607879672
base,mnli+qnli+qqp+anli_r1+paws+squad_v2,6,rte,0.7099351521049228,0.8938564652843135
base,mnli+qnli+qqp+anli_r1+paws+squad_v2,6,cola,0.6292368165616479,0.8621836235480649
base,mnli+qnli+qqp+anli_r1+paws+squad_v2,6,cb,0.6954275452132735,0.8941543054367814
base,mnli+qnli+qqp+anli_r1+paws+squad_v2,6,scitail,0.7258134612015316,0.8918372076004744
base,mnli+qnli+qqp+anli_r1+paws+squad_v2,6,stsb,0.5707436303741166,0.8482311524982963
base,mnli+qnli+qqp+anli_r1+paws+squad_v2,6,cr,0.6267099879415972,0.8611294802810464
base,mnli+qnli+qqp+anli_r1+paws+squad_v2,6,rotten_tomatoes,0.6231057206168771,0.8588038331695965
base,mnli+qnli+qqp+anli_r1+paws+squad_v2,6,multirc,0.6801143642514944,0.8770022373646498
base,mnli+qnli+qqp+anli_r1+paws+squad_v2,6,copa,0.5845127013911094,0.8488691065992627
base,mnli+qnli+qqp+anli_r1+paws+squad_v2,6,piqa,0.6103121224524719,0.854814199996846
base,mnli+qnli+qqp+anli_r1+paws+squad_v2+hellaswag,7,mrpc,0.6511257120541164,0.8700603017849582
base,mnli+qnli+qqp+anli_r1+paws+squad_v2+hellaswag,7,boolq,0.6768292358943394,0.8758455655936684
base,mnli+qnli+qqp+anli_r1+paws+squad_v2+hellaswag,7,rte,0.7124991294528756,0.8939450840864863
base,mnli+qnli+qqp+anli_r1+paws+squad_v2+hellaswag,7,cola,0.632592682327543,0.8624219567115817
base,mnli+qnli+qqp+anli_r1+paws+squad_v2+hellaswag,7,cb,0.699141404990639,0.894276494958571
base,mnli+qnli+qqp+anli_r1+paws+squad_v2+hellaswag,7,scitail,0.7266734093427658,0.8917085139879158
base,mnli+qnli+qqp+anli_r1+paws+squad_v2+hellaswag,7,stsb,0.5749853634541588,0.8485650103539228
base,mnli+qnli+qqp+anli_r1+paws+squad_v2+hellaswag,7,cr,0.629803146501737,0.8613633848726749
base,mnli+qnli+qqp+anli_r1+paws+squad_v2+hellaswag,7,rotten_tomatoes,0.6255339812487364,0.8589469378015825
base,mnli+qnli+qqp+anli_r1+paws+squad_v2+hellaswag,7,multirc,0.6815369432525975,0.8771002572029829
base,mnli+qnli+qqp+anli_r1+paws+squad_v2+hellaswag,7,copa,0.5926173699221441,0.8510951735079288
base,mnli+qnli+qqp+anli_r1+paws+squad_v2+hellaswag,7,piqa,0.6523268797567913,0.868110737364207
base,mnli+qnli+qqp+anli_r1+paws+squad_v2+hellaswag+winogrande,8,mrpc,0.6525269741458553,0.8701600932649204
base,mnli+qnli+qqp+anli_r1+paws+squad_v2+hellaswag+winogrande,8,boolq,0.6780013697487968,0.8759106408272471
base,mnli+qnli+qqp+anli_r1+paws+squad_v2+hellaswag+winogrande,8,rte,0.7127151848482234,0.8937604911625385
base,mnli+qnli+qqp+anli_r1+paws+squad_v2+hellaswag+winogrande,8,cola,0.634000507183373,0.8625789284706116
base,mnli+qnli+qqp+anli_r1+paws+squad_v2+hellaswag+winogrande,8,cb,0.6998205780982971,0.8941356843071324
base,mnli+qnli+qqp+anli_r1+paws+squad_v2+hellaswag+winogrande,8,scitail,0.7267863590802465,0.8915598762354681
base,mnli+qnli+qqp+anli_r1+paws+squad_v2+hellaswag+winogrande,8,stsb,0.5767478863708675,0.8485690147749015
base,mnli+qnli+qqp+anli_r1+paws+squad_v2+hellaswag+winogrande,8,cr,0.6331257673778704,0.8618483117648533
base,mnli+qnli+qqp+anli_r1+paws+squad_v2+hellaswag+winogrande,8,rotten_tomatoes,0.6286493980192712,0.8593118893248695
base,mnli+qnli+qqp+anli_r1+paws+squad_v2+hellaswag+winogrande,8,multirc,0.6821949742734432,0.8770956532763583
base,mnli+qnli+qqp+anli_r1+paws+squad_v2+hellaswag+winogrande,8,copa,0.6008309443880405,0.8534256608358451
base,mnli+qnli+qqp+anli_r1+paws+squad_v2+hellaswag+winogrande,8,piqa,0.683251926941531,0.8771924735712153
base,mnli+qnli+qqp+anli_r1+paws+squad_v2+winogrande,7,mrpc,0.6506611481308937,0.8700629435479641
base,mnli+qnli+qqp+anli_r1+paws+squad_v2+winogrande,7,boolq,0.6771036319966827,0.8759986108967236
base,mnli+qnli+qqp+anli_r1+paws+squad_v2+winogrande,7,rte,0.7108925956168345,0.8936558392431054
base,mnli+qnli+qqp+anli_r1+paws+squad_v2+winogrande,7,cola,0.6321117291226983,0.8623455374368599
base,mnli+qnli+qqp+anli_r1+paws+squad_v2+winogrande,7,cb,0.6968411840498447,0.8938950459871974
base,mnli+qnli+qqp+anli_r1+paws+squad_v2+winogrande,7,scitail,0.7263336104473898,0.8917141655193908
base,mnli+qnli+qqp+anli_r1+paws+squad_v2+winogrande,7,stsb,0.5738653639730599,0.8483561681849616
base,mnli+qnli+qqp+anli_r1+paws+squad_v2+winogrande,7,cr,0.6310264557333929,0.8616226821073464
base,mnli+qnli+qqp+anli_r1+paws+squad_v2+winogrande,7,rotten_tomatoes,0.62711130295481,0.8592739264879908
base,mnli+qnli+qqp+anli_r1+paws+squad_v2+winogrande,7,multirc,0.6812062016023057,0.8770204516393798
base,mnli+qnli+qqp+anli_r1+paws+squad_v2+winogrande,7,copa,0.5946473915662084,0.8517162363444056
base,mnli+qnli+qqp+anli_r1+paws+squad_v2+winogrande,7,piqa,0.6654698674433998,0.8715336075318711
base,mnli+qnli+qqp+anli_r1+paws+winogrande,6,mrpc,0.624111781162875,0.8699821499841554
base,mnli+qnli+qqp+anli_r1+paws+winogrande,6,boolq,0.6465896139187473,0.8774061519652605
base,mnli+qnli+qqp+anli_r1+paws+winogrande,6,rte,0.6877614139978375,0.8964413266096797
base,mnli+qnli+qqp+anli_r1+paws+winogrande,6,cola,0.5992722005716392,0.8589707165956497
base,mnli+qnli+qqp+anli_r1+paws+winogrande,6,cb,0.6702761338757617,0.8970297096031052
base,mnli+qnli+qqp+anli_r1+paws+winogrande,6,scitail,0.7092887554317713,0.8935902129326548
base,mnli+qnli+qqp+anli_r1+paws+winogrande,6,stsb,0.543571695452556,0.8471897239131587
base,mnli+qnli+qqp+anli_r1+paws+winogrande,6,cr,0.6019151967817119,0.8604586672570024
base,mnli+qnli+qqp+anli_r1+paws+winogrande,6,rotten_tomatoes,0.6009451366428818,0.8582926738475051
base,mnli+qnli+qqp+anli_r1+paws+winogrande,6,multirc,0.6453767750146133,0.8768029457756451
base,mnli+qnli+qqp+anli_r1+paws+winogrande,6,copa,0.5532147714069912,0.8497583839510169
base,mnli+qnli+qqp+anli_r1+paws+winogrande,6,piqa,0.6334649835314069,0.8725476986063379
base,mnli+qnli+qqp+anli_r1+squad_v2,5,mrpc,0.6471336114087275,0.8692693465522358
base,mnli+qnli+qqp+anli_r1+squad_v2,5,boolq,0.6188614713693303,0.8585497095648732
base,mnli+qnli+qqp+anli_r1+squad_v2,5,rte,0.7099934763142041,0.8937718591519764
base,mnli+qnli+qqp+anli_r1+squad_v2,5,cola,0.6278368995657989,0.8616919493568795
base,mnli+qnli+qqp+anli_r1+squad_v2,5,cb,0.6972398861710515,0.8947084476905209
base,mnli+qnli+qqp+anli_r1+squad_v2,5,scitail,0.7258269981081996,0.8917631631983178
base,mnli+qnli+qqp+anli_r1+squad_v2,5,stsb,0.5700273485854268,0.8478304701192039
base,mnli+qnli+qqp+anli_r1+squad_v2,5,cr,0.6257057694851288,0.8608485069125891
base,mnli+qnli+qqp+anli_r1+squad_v2,5,rotten_tomatoes,0.6215640210679599,0.8585404261414494
base,mnli+qnli+qqp+anli_r1+squad_v2,5,multirc,0.6332540028462452,0.861801465973258
base,mnli+qnli+qqp+anli_r1+squad_v2,5,copa,0.5835934696452958,0.8484945129603148
base,mnli+qnli+qqp+anli_r1+squad_v2,5,piqa,0.6086497185751796,0.8543285176690135
base,mnli+qnli+qqp+anli_r1+squad_v2+hellaswag,6,mrpc,0.6496360349868026,0.8694839291274548
base,mnli+qnli+qqp+anli_r1+squad_v2+hellaswag,6,boolq,0.6215475951321423,0.8587521575391293
base,mnli+qnli+qqp+anli_r1+squad_v2+hellaswag,6,rte,0.7124022311930146,0.8938375455992562
base,mnli+qnli+qqp+anli_r1+squad_v2+hellaswag,6,cola,0.6308926518208214,0.8620245414120811
base,mnli+qnli+qqp+anli_r1+squad_v2+hellaswag,6,cb,0.7005521160151277,0.8948657959699631
base,mnli+qnli+qqp+anli_r1+squad_v2+hellaswag,6,scitail,0.7267538053648812,0.8915640895387956
base,mnli+qnli+qqp+anli_r1+squad_v2+hellaswag,6,stsb,0.5743323509315295,0.8481891799185958
base,mnli+qnli+qqp+anli_r1+squad_v2+hellaswag,6,cr,0.6285611742309162,0.8610915044056517
base,mnli+qnli+qqp+anli_r1+squad_v2+hellaswag,6,rotten_tomatoes,0.6238244128679591,0.8586506356618234
base,mnli+qnli+qqp+anli_r1+squad_v2+hellaswag,6,multirc,0.6358595951460302,0.8620254365461213
base,mnli+qnli+qqp+anli_r1+squad_v2+hellaswag,6,copa,0.591775095023747,0.8510378383632217
base,mnli+qnli+qqp+anli_r1+squad_v2+hellaswag,6,piqa,0.6516578701058668,0.867838567122817
base,mnli+qnli+qqp+anli_r1+squad_v2+hellaswag+winogrande,7,mrpc,0.6515604598181588,0.869602865406445
base,mnli+qnli+qqp+anli_r1+squad_v2+hellaswag+winogrande,7,boolq,0.6245107308828405,0.8589150706040007
base,mnli+qnli+qqp+anli_r1+squad_v2+hellaswag+winogrande,7,rte,0.7131636709507022,0.8936021455696651
base,mnli+qnli+qqp+anli_r1+squad_v2+hellaswag+winogrande,7,cola,0.6330570561279144,0.8621821722814015
base,mnli+qnli+qqp+anli_r1+squad_v2+hellaswag+winogrande,7,cb,0.7020763533988169,0.8946571403316089
base,mnli+qnli+qqp+anli_r1+squad_v2+hellaswag+winogrande,7,scitail,0.72702774352261,0.8914312047085592
base,mnli+qnli+qqp+anli_r1+squad_v2+hellaswag+winogrande,7,stsb,0.5764465333361711,0.8482728996979338
base,mnli+qnli+qqp+anli_r1+squad_v2+hellaswag+winogrande,7,cr,0.6328224992113454,0.8616651363138642
base,mnli+qnli+qqp+anli_r1+squad_v2+hellaswag+winogrande,7,rotten_tomatoes,0.6277724021513548,0.8591256043208497
base,mnli+qnli+qqp+anli_r1+squad_v2+hellaswag+winogrande,7,multirc,0.6377127883689744,0.8621562604925462
base,mnli+qnli+qqp+anli_r1+squad_v2+hellaswag+winogrande,7,copa,0.6010469321959785,0.8534228708595037
base,mnli+qnli+qqp+anli_r1+squad_v2+hellaswag+winogrande,7,piqa,0.683623539816056,0.8770250529050827
base,mnli+qnli+qqp+anli_r1+squad_v2+winogrande,6,mrpc,0.6493975083742823,0.8694891748683793
base,mnli+qnli+qqp+anli_r1+squad_v2+winogrande,6,boolq,0.6223000448330173,0.8589245405580316
base,mnli+qnli+qqp+anli_r1+squad_v2+winogrande,6,rte,0.7109760495701006,0.8935268840619496
base,mnli+qnli+qqp+anli_r1+squad_v2+winogrande,6,cola,0.6303650645006981,0.8618297534329551
base,mnli+qnli+qqp+anli_r1+squad_v2+winogrande,6,cb,0.698205786624125,0.8943933828600815
base,mnli+qnli+qqp+anli_r1+squad_v2+winogrande,6,scitail,0.7264982108026743,0.8915887637329953
base,mnli+qnli+qqp+anli_r1+squad_v2+winogrande,6,stsb,0.5730590121820569,0.8480368708925587
base,mnli+qnli+qqp+anli_r1+squad_v2+winogrande,6,cr,0.6298426408320665,0.8613754976540804
base,mnli+qnli+qqp+anli_r1+squad_v2+winogrande,6,rotten_tomatoes,0.625616113322654,0.8590198808482715
base,mnli+qnli+qqp+anli_r1+squad_v2+winogrande,6,multirc,0.635692219116858,0.8620132548468453
base,mnli+qnli+qqp+anli_r1+squad_v2+winogrande,6,copa,0.5935476306559784,0.8514861166477203
base,mnli+qnli+qqp+anli_r1+squad_v2+winogrande,6,piqa,0.6648177657542484,0.8712468865726676
base,mnli+qnli+qqp+anli_r1+winogrande,5,mrpc,0.621134912728199,0.8693315503852708
base,mnli+qnli+qqp+anli_r1+winogrande,5,boolq,0.5938956007760551,0.8574442168963807
base,mnli+qnli+qqp+anli_r1+winogrande,5,rte,0.6866500800741571,0.8964604655546802
base,mnli+qnli+qqp+anli_r1+winogrande,5,cola,0.5967604720166751,0.8583775146731308
base,mnli+qnli+qqp+anli_r1+winogrande,5,cb,0.6710900459438562,0.8977195434272289
base,mnli+qnli+qqp+anli_r1+winogrande,5,scitail,0.7083713212715728,0.893534406753523
base,mnli+qnli+qqp+anli_r1+winogrande,5,stsb,0.5412959939068449,0.8468359421406474
base,mnli+qnli+qqp+anli_r1+winogrande,5,cr,0.5997050886840692,0.8600326196423599
base,mnli+qnli+qqp+anli_r1+winogrande,5,rotten_tomatoes,0.5981021605964217,0.8579213991761208
base,mnli+qnli+qqp+anli_r1+winogrande,5,multirc,0.6044043380367968,0.8597005379519292
base,mnli+qnli+qqp+anli_r1+winogrande,5,copa,0.5509391614635076,0.8493299774293389
base,mnli+qnli+qqp+anli_r1+winogrande,5,piqa,0.6312226913204151,0.8722881060093641
base,mnli+qnli+qqp+hellaswag,4,mrpc,0.6160647883745176,0.8676971825105804
base,mnli+qnli+qqp+hellaswag,4,boolq,0.5919422903763396,0.8568869177252054
base,mnli+qnli+qqp+hellaswag,4,rte,0.6758129136370761,0.8926892046417508
base,mnli+qnli+qqp+hellaswag,4,cola,0.5940623015298375,0.857474786894662
base,mnli+qnli+qqp+hellaswag,4,cb,0.6349170205316373,0.884601053116577
base,mnli+qnli+qqp+hellaswag,4,scitail,0.6991878873003381,0.8908934063677277
base,mnli+qnli+qqp+hellaswag,4,stsb,0.5428130478997316,0.8468235810952527
base,mnli+qnli+qqp+hellaswag,4,cr,0.5918141809026045,0.8579410862709794
base,mnli+qnli+qqp+hellaswag,4,rotten_tomatoes,0.5929773308203689,0.8565551651907819
base,mnli+qnli+qqp+hellaswag,4,multirc,0.6047569756795254,0.8594541012176445
base,mnli+qnli+qqp+hellaswag,4,copa,0.5465037146849292,0.8478213040424245
base,mnli+qnli+qqp+hellaswag,4,piqa,0.6200412109361163,0.8691878952085972
base,mnli+qnli+qqp+hellaswag+winogrande,5,mrpc,0.620843521718468,0.8678065469222409
base,mnli+qnli+qqp+hellaswag+winogrande,5,boolq,0.5984465718003256,0.8573944307863712
base,mnli+qnli+qqp+hellaswag+winogrande,5,rte,0.6787978022226265,0.8923789794955935
base,mnli+qnli+qqp+hellaswag+winogrande,5,cola,0.5988997302816382,0.8578722157648632
base,mnli+qnli+qqp+hellaswag+winogrande,5,cb,0.639860096254519,0.8842967487871647
base,mnli+qnli+qqp+hellaswag+winogrande,5,scitail,0.7009478046425751,0.8905901326132672
base,mnli+qnli+qqp+hellaswag+winogrande,5,stsb,0.547243087885103,0.847062838662948
base,mnli+qnli+qqp+hellaswag+winogrande,5,cr,0.5992151106308613,0.858746857249311
base,mnli+qnli+qqp+hellaswag+winogrande,5,rotten_tomatoes,0.5995421504734882,0.8572229351848364
base,mnli+qnli+qqp+hellaswag+winogrande,5,multirc,0.6091855699196458,0.8597855363041162
base,mnli+qnli+qqp+hellaswag+winogrande,5,copa,0.561166701705328,0.851503840780684
base,mnli+qnli+qqp+hellaswag+winogrande,5,piqa,0.6577414963394403,0.878780886264784
base,mnli+qnli+qqp+imdb,4,mrpc,0.6186838873795101,0.8689758633928639
base,mnli+qnli+qqp+imdb,4,boolq,0.5924888045660087,0.8573733432484525
base,mnli+qnli+qqp+imdb,4,rte,0.6779789464282138,0.8940177799335548
base,mnli+qnli+qqp+imdb,4,cola,0.5969211046716997,0.8588898578392608
base,mnli+qnli+qqp+imdb,4,cb,0.6426077027406011,0.8874050229787827
base,mnli+qnli+qqp+imdb,4,scitail,0.7001684792339802,0.8914659544825554
base,mnli+qnli+qqp+imdb,4,stsb,0.5397334525893841,0.8463961865220752
base,mnli+qnli+qqp+imdb,4,cr,0.6651825823688081,0.8904400904263768
base,mnli+qnli+qqp+imdb,4,rotten_tomatoes,0.687016323474901,0.8955869483096259
base,mnli+qnli+qqp+imdb,4,multirc,0.6032163816105042,0.8594527409545013
base,mnli+qnli+qqp+imdb,4,copa,0.5440689836229596,0.8456832713314465
base,mnli+qnli+qqp+imdb,4,piqa,0.5777078397971179,0.8520837641720261
base,mnli+qnli+qqp+imdb+hellaswag,5,mrpc,0.6234294998326472,0.8690413747514997
base,mnli+qnli+qqp+imdb+hellaswag,5,boolq,0.5976369684961226,0.8576202544250658
base,mnli+qnli+qqp+imdb+hellaswag,5,rte,0.6829188420836415,0.8941088930836746
base,mnli+qnli+qqp+imdb+hellaswag,5,cola,0.6019660889038018,0.8593313544988632
base,mnli+qnli+qqp+imdb+hellaswag,5,cb,0.6497869741703782,0.8877854592033795
base,mnli+qnli+qqp+imdb+hellaswag,5,scitail,0.7023253259914262,0.8912565830562796
base,mnli+qnli+qqp+imdb+hellaswag,5,stsb,0.5456041279581508,0.8469111706529345
base,mnli+qnli+qqp+imdb+hellaswag,5,cr,0.6694129165261984,0.8903329563992364
base,mnli+qnli+qqp+imdb+hellaswag,5,rotten_tomatoes,0.6901499696874193,0.8953696931047099
base,mnli+qnli+qqp+imdb+hellaswag,5,multirc,0.6078860463042345,0.8597043861768076
base,mnli+qnli+qqp+imdb+hellaswag,5,copa,0.5557216060613948,0.8493281107928071
base,mnli+qnli+qqp+imdb+hellaswag,5,piqa,0.6228605979787452,0.8691777233034372
base,mnli+qnli+qqp+imdb+hellaswag+winogrande,6,mrpc,0.6271963087575776,0.8691742292472294
base,mnli+qnli+qqp+imdb+hellaswag+winogrande,6,boolq,0.6027027275413275,0.8580621422401497
base,mnli+qnli+qqp+imdb+hellaswag+winogrande,6,rte,0.6853188537061214,0.8937553193952356
base,mnli+qnli+qqp+imdb+hellaswag+winogrande,6,cola,0.605541057751647,0.8595527343984161
base,mnli+qnli+qqp+imdb+hellaswag+winogrande,6,cb,0.6527586738978114,0.887402527566467
base,mnli+qnli+qqp+imdb+hellaswag+winogrande,6,scitail,0.7036490629294089,0.8909409900328943
base,mnli+qnli+qqp+imdb+hellaswag+winogrande,6,stsb,0.549299319174939,0.8471224699169397
base,mnli+qnli+qqp+imdb+hellaswag+winogrande,6,cr,0.6729219195965145,0.8904205502143928
base,mnli+qnli+qqp+imdb+hellaswag+winogrande,6,rotten_tomatoes,0.6927887431478926,0.8954171756548541
base,mnli+qnli+qqp+imdb+hellaswag+winogrande,6,multirc,0.6112871152747955,0.860036438331008
base,mnli+qnli+qqp+imdb+hellaswag+winogrande,6,copa,0.568219198978373,0.8526982061032738
base,mnli+qnli+qqp+imdb+hellaswag+winogrande,6,piqa,0.6603403461298772,0.8787503311676639
base,mnli+qnli+qqp+imdb+squad_v2,5,mrpc,0.6490130844925132,0.8690265864133835
base,mnli+qnli+qqp+imdb+squad_v2,5,boolq,0.6238754779499557,0.8588226895247187
base,mnli+qnli+qqp+imdb+squad_v2,5,rte,0.704827930778265,0.8909492194652557
base,mnli+qnli+qqp+imdb+squad_v2,5,cola,0.6337848585098982,0.8622489914830241
base,mnli+qnli+qqp+imdb+squad_v2,5,cb,0.6746822874993086,0.8840650405202594
base,mnli+qnli+qqp+imdb+squad_v2,5,scitail,0.7206491088228566,0.8893694837710687
base,mnli+qnli+qqp+imdb+squad_v2,5,stsb,0.5738304433678942,0.8478381889207023
base,mnli+qnli+qqp+imdb+squad_v2,5,cr,0.6981195567974022,0.8873241219137397
base,mnli+qnli+qqp+imdb+squad_v2,5,rotten_tomatoes,0.717500054809664,0.8928134946950844
base,mnli+qnli+qqp+imdb+squad_v2,5,multirc,0.6368982456624508,0.861791033031685
base,mnli+qnli+qqp+imdb+squad_v2,5,copa,0.5893809853919915,0.8490753333483424
base,mnli+qnli+qqp+imdb+squad_v2,5,piqa,0.6123647371173969,0.8543324787169695
base,mnli+qnli+qqp+imdb+squad_v2+hellaswag,6,mrpc,0.6515210435858795,0.8692812371466841
base,mnli+qnli+qqp+imdb+squad_v2+hellaswag,6,boolq,0.6263787471024054,0.8589827202792678
base,mnli+qnli+qqp+imdb+squad_v2+hellaswag,6,rte,0.7074556938771691,0.8911244177392551
base,mnli+qnli+qqp+imdb+squad_v2+hellaswag,6,cola,0.6363457775275622,0.862560298293829
base,mnli+qnli+qqp+imdb+squad_v2+hellaswag,6,cb,0.6788568166749818,0.8845095730253628
base,mnli+qnli+qqp+imdb+squad_v2+hellaswag,6,scitail,0.7214435229876212,0.8891815843858889
base,mnli+qnli+qqp+imdb+squad_v2+hellaswag,6,stsb,0.5780803078918585,0.8481756049607482
base,mnli+qnli+qqp+imdb+squad_v2+hellaswag,6,cr,0.7003458506826844,0.8873125431793076
base,mnli+qnli+qqp+imdb+squad_v2+hellaswag,6,rotten_tomatoes,0.7190078152343631,0.892708054610661
base,mnli+qnli+qqp+imdb+squad_v2+hellaswag,6,multirc,0.6393676939021263,0.862009369369064
base,mnli+qnli+qqp+imdb+squad_v2+hellaswag,6,copa,0.5977419133165053,0.851602875228439
base,mnli+qnli+qqp+imdb+squad_v2+hellaswag,6,piqa,0.6559583962495837,0.8678415239389453
base,mnli+qnli+qqp+imdb+squad_v2+hellaswag+winogrande,7,mrpc,0.6531507753367934,0.8693935163319111
base,mnli+qnli+qqp+imdb+squad_v2+hellaswag+winogrande,7,boolq,0.6288546970380204,0.8591672155473914
base,mnli+qnli+qqp+imdb+squad_v2+hellaswag+winogrande,7,rte,0.7078327938382115,0.890876767890794
base,mnli+qnli+qqp+imdb+squad_v2+hellaswag+winogrande,7,cola,0.6381686051775303,0.8626713255154235
base,mnli+qnli+qqp+imdb+squad_v2+hellaswag+winogrande,7,cb,0.6802590763462442,0.8843747505119869
base,mnli+qnli+qqp+imdb+squad_v2+hellaswag+winogrande,7,scitail,0.7216394434549979,0.8890428918280772
base,mnli+qnli+qqp+imdb+squad_v2+hellaswag+winogrande,7,stsb,0.5798470879505787,0.8481927647122315
base,mnli+qnli+qqp+imdb+squad_v2+hellaswag+winogrande,7,cr,0.7027024280812059,0.8874660607959542
base,mnli+qnli+qqp+imdb+squad_v2+hellaswag+winogrande,7,rotten_tomatoes,0.720660542270967,0.8928022147821528
base,mnli+qnli+qqp+imdb+squad_v2+hellaswag+winogrande,7,multirc,0.6407764256000519,0.8621159618986505
base,mnli+qnli+qqp+imdb+squad_v2+hellaswag+winogrande,7,copa,0.6062527164550764,0.8539477969918933
base,mnli+qnli+qqp+imdb+squad_v2+hellaswag+winogrande,7,piqa,0.6861323011772973,0.8770425439413104
base,mnli+qnli+qqp+imdb+squad_v2+winogrande,6,mrpc,0.6511993094214371,0.8691621268434184
base,mnli+qnli+qqp+imdb+squad_v2+winogrande,6,boolq,0.6270789634436369,0.8591471511338439
base,mnli+qnli+qqp+imdb+squad_v2+winogrande,6,rte,0.7057517476912055,0.8907772025891713
base,mnli+qnli+qqp+imdb+squad_v2+winogrande,6,cola,0.6357573551524963,0.8623688742518425
base,mnli+qnli+qqp+imdb+squad_v2+winogrande,6,cb,0.6764918363520077,0.8838582230465752
base,mnli+qnli+qqp+imdb+squad_v2+winogrande,6,scitail,0.7212000877729484,0.8892318553158215
base,mnli+qnli+qqp+imdb+squad_v2+winogrande,6,stsb,0.5768281895933407,0.847974860242435
base,mnli+qnli+qqp+imdb+squad_v2+winogrande,6,cr,0.7009137642702886,0.887495469301939
base,mnli+qnli+qqp+imdb+squad_v2+winogrande,6,rotten_tomatoes,0.7195843982377222,0.8929293709141868
base,mnli+qnli+qqp+imdb+squad_v2+winogrande,6,multirc,0.6390449615594532,0.8619761307324681
base,mnli+qnli+qqp+imdb+squad_v2+winogrande,6,copa,0.5996408780504551,0.851950017735362
base,mnli+qnli+qqp+imdb+squad_v2+winogrande,6,piqa,0.6679570862491216,0.8712391182780266
base,mnli+qnli+qqp+imdb+winogrande,5,mrpc,0.6233703025749752,0.8690356388688087
base,mnli+qnli+qqp+imdb+winogrande,5,boolq,0.5991448819903391,0.8579135962894985
base,mnli+qnli+qqp+imdb+winogrande,5,rte,0.6812676784715482,0.893703466547387
base,mnli+qnli+qqp+imdb+winogrande,5,cola,0.6017035824645843,0.8591948007898671
base,mnli+qnli+qqp+imdb+winogrande,5,cb,0.6466219877558095,0.8870819801730769
base,mnli+qnli+qqp+imdb+winogrande,5,scitail,0.7022840037409749,0.891133258917502
base,mnli+qnli+qqp+imdb+winogrande,5,stsb,0.5451023484513696,0.8467424469334739
base,mnli+qnli+qqp+imdb+winogrande,5,cr,0.6701289976813963,0.8905738624078887
base,mnli+qnli+qqp+imdb+winogrande,5,rotten_tomatoes,0.6910530924131828,0.8956022212015731
base,mnli+qnli+qqp+imdb+winogrande,5,multirc,0.6079369615098196,0.8598144434924636
base,mnli+qnli+qqp+imdb+winogrande,5,copa,0.5583603392089052,0.850179771227496
base,mnli+qnli+qqp+imdb+winogrande,5,piqa,0.635489533056638,0.8722909864570413
base,mnli+qnli+qqp+paws,4,mrpc,0.6147814462227481,0.8682466207870415
base,mnli+qnli+qqp+paws,4,boolq,0.6432683474517294,0.8772563535187926
base,mnli+qnli+qqp+paws,4,rte,0.6724808825446027,0.8926371846880231
base,mnli+qnli+qqp+paws,4,cola,0.5922333842941693,0.8576417583972216
base,mnli+qnli+qqp+paws,4,cb,0.6281963230243751,0.8834705924881356
base,mnli+qnli+qqp+paws,4,scitail,0.6983485780656338,0.8911693194614989
base,mnli+qnli+qqp+paws,4,stsb,0.5397072495959166,0.8466619144060782
base,mnli+qnli+qqp+paws,4,cr,0.5893593191036156,0.8580123984387943
base,mnli+qnli+qqp+paws,4,rotten_tomatoes,0.592323271956827,0.8567105797784669
base,mnli+qnli+qqp+paws,4,multirc,0.6429691068562013,0.8766045908310584
base,mnli+qnli+qqp+paws,4,copa,0.5383613436216754,0.8446688058653048
base,mnli+qnli+qqp+paws,4,piqa,0.5789028709488255,0.8525949793734721
base,mnli+qnli+qqp+paws+hellaswag,5,mrpc,0.6202329822949001,0.8683961502143315
base,mnli+qnli+qqp+paws+hellaswag,5,boolq,0.6475569531321526,0.8772538487932512
base,mnli+qnli+qqp+paws+hellaswag,5,rte,0.6779062737311635,0.8928891750318664
base,mnli+qnli+qqp+paws+hellaswag,5,cola,0.597518190808062,0.8581408938126904
base,mnli+qnli+qqp+paws+hellaswag,5,cb,0.6364025665181023,0.8840760841433492
base,mnli+qnli+qqp+paws+hellaswag,5,scitail,0.7006193018917527,0.8909357062407902
base,mnli+qnli+qqp+paws+hellaswag,5,stsb,0.5456105770011034,0.8471567210342202
base,mnli+qnli+qqp+paws+hellaswag,5,cr,0.5953508709956493,0.8584243272032056
base,mnli+qnli+qqp+paws+hellaswag,5,rotten_tomatoes,0.5970496359680381,0.8569192245070424
base,mnli+qnli+qqp+paws+hellaswag,5,multirc,0.6473570563165205,0.8767745670463357
base,mnli+qnli+qqp+paws+hellaswag,5,copa,0.5501260835278247,0.8480322624423674
base,mnli+qnli+qqp+paws+hellaswag,5,piqa,0.6231854038446077,0.8693748084562165
base,mnli+qnli+qqp+paws+hellaswag+winogrande,6,mrpc,0.6238821021148137,0.8684943956988198
base,mnli+qnli+qqp+paws+hellaswag+winogrande,6,boolq,0.651534693049533,0.877245472211923
base,mnli+qnli+qqp+paws+hellaswag+winogrande,6,rte,0.6802741302443402,0.8925537504255772
base,mnli+qnli+qqp+paws+hellaswag+winogrande,6,cola,0.6013606279157102,0.858435869216919
base,mnli+qnli+qqp+paws+hellaswag+winogrande,6,cb,0.6399987361260823,0.8838272579014301
base,mnli+qnli+qqp+paws+hellaswag+winogrande,6,scitail,0.7020492468561444,0.8906574946429048
base,mnli+qnli+qqp+paws+hellaswag+winogrande,6,stsb,0.5493631968274713,0.8473671443228211
base,mnli+qnli+qqp+paws+hellaswag+winogrande,6,cr,0.6013405891135335,0.8592119666614703
base,mnli+qnli+qqp+paws+hellaswag+winogrande,6,rotten_tomatoes,0.6021467858393278,0.8576488399079868
base,mnli+qnli+qqp+paws+hellaswag+winogrande,6,multirc,0.6508192897641233,0.876778013205954
base,mnli+qnli+qqp+paws+hellaswag+winogrande,6,copa,0.5630563136988452,0.8516342411083835
base,mnli+qnli+qqp+paws+hellaswag+winogrande,6,piqa,0.6602341951137143,0.8788729099822896
base,mnli+qnli+qqp+paws+imdb,5,mrpc,0.6220420114696026,0.8696209836219039
base,mnli+qnli+qqp+paws+imdb,5,boolq,0.647024214799915,0.8776526155748537
base,mnli+qnli+qqp+paws+imdb,5,rte,0.6796666572668723,0.8941097887498992
base,mnli+qnli+qqp+paws+imdb,5,cola,0.5998103350533971,0.8593513257801533
base,mnli+qnli+qqp+paws+imdb,5,cb,0.6430089260850634,0.8868561961821148
base,mnli+qnli+qqp+paws+imdb,5,scitail,0.7013583409466914,0.8914857879281044
base,mnli+qnli+qqp+paws+imdb,5,stsb,0.5423803850343185,0.8467900263411658
base,mnli+qnli+qqp+paws+imdb,5,cr,0.6653963152452239,0.8901362275438649
base,mnli+qnli+qqp+paws+imdb,5,rotten_tomatoes,0.6875086126050779,0.8951916420566184
base,mnli+qnli+qqp+paws+imdb,5,multirc,0.6450642541583095,0.8767228932785136
base,mnli+qnli+qqp+paws+imdb,5,copa,0.5467149544108126,0.8462611181395394
base,mnli+qnli+qqp+paws+imdb,5,piqa,0.5817310662407961,0.8528242571545499
base,mnli+qnli+qqp+paws+imdb+hellaswag,6,mrpc,0.6263918562659195,0.8697082065045834
base,mnli+qnli+qqp+paws+imdb+hellaswag,6,boolq,0.651405750507755,0.8776119902197804
base,mnli+qnli+qqp+paws+imdb+hellaswag,6,rte,0.6840641597019774,0.8941714428365231
base,mnli+qnli+qqp+paws+imdb+hellaswag,6,cola,0.6042835477606526,0.8597709839897496
base,mnli+qnli+qqp+paws+imdb+hellaswag,6,cb,0.6494739963007825,0.887169108326946
base,mnli+qnli+qqp+paws+imdb+hellaswag,6,scitail,0.7032764189477477,0.8912653702178172
base,mnli+qnli+qqp+paws+imdb+hellaswag,6,stsb,0.5476713774592749,0.8473122029432228
base,mnli+qnli+qqp+paws+imdb+hellaswag,6,cr,0.6702473474267338,0.8900274208613804
base,mnli+qnli+qqp+paws+imdb+hellaswag,6,rotten_tomatoes,0.6916693545478795,0.8950570414641074
base,mnli+qnli+qqp+paws+imdb+hellaswag,6,multirc,0.6496074652033192,0.8768183408038956
base,mnli+qnli+qqp+paws+imdb+hellaswag,6,copa,0.5574041854457131,0.8494092234011207
base,mnli+qnli+qqp+paws+imdb+hellaswag,6,piqa,0.6248155212961137,0.8693216967263392
base,mnli+qnli+qqp+paws+imdb+hellaswag+winogrande,7,mrpc,0.6292799985302346,0.8697393738797733
base,mnli+qnli+qqp+paws+imdb+hellaswag+winogrande,7,boolq,0.656003494746983,0.877580384590796
base,mnli+qnli+qqp+paws+imdb+hellaswag+winogrande,7,rte,0.6861215382814407,0.8938674910792282
base,mnli+qnli+qqp+paws+imdb+hellaswag+winogrande,7,cola,0.6072541991514819,0.859932157610144
base,mnli+qnli+qqp+paws+imdb+hellaswag+winogrande,7,cb,0.652071960536497,0.8868343297924314
base,mnli+qnli+qqp+paws+imdb+hellaswag+winogrande,7,scitail,0.7046775317617825,0.8909915898527417
base,mnli+qnli+qqp+paws+imdb+hellaswag+winogrande,7,stsb,0.5509351051545569,0.847405767334359
base,mnli+qnli+qqp+paws+imdb+hellaswag+winogrande,7,cr,0.6745424410328269,0.8900767724428859
base,mnli+qnli+qqp+paws+imdb+hellaswag+winogrande,7,rotten_tomatoes,0.6952230012975633,0.8950479022626366
base,mnli+qnli+qqp+paws+imdb+hellaswag+winogrande,7,multirc,0.6536174821002143,0.8768465258181095
base,mnli+qnli+qqp+paws+imdb+hellaswag+winogrande,7,copa,0.5691727130407733,0.852613556597914
base,mnli+qnli+qqp+paws+imdb+hellaswag+winogrande,7,piqa,0.6616665881260165,0.8787710509662118
base,mnli+qnli+qqp+paws+imdb+squad_v2,6,mrpc,0.6503831738872188,0.8696389107831887
base,mnli+qnli+qqp+paws+imdb+squad_v2,6,boolq,0.6789669572774854,0.8759887870401144
base,mnli+qnli+qqp+paws+imdb+squad_v2,6,rte,0.7050534513379846,0.8911746516823769
base,mnli+qnli+qqp+paws+imdb+squad_v2,6,cola,0.6344287330284715,0.862616377217429
base,mnli+qnli+qqp+paws+imdb+squad_v2,6,cb,0.6735429165086576,0.883675110659429
base,mnli+qnli+qqp+paws+imdb+squad_v2,6,scitail,0.7205915666584458,0.8894892055541277
base,mnli+qnli+qqp+paws+imdb+squad_v2,6,stsb,0.5746409479262573,0.8481497131288052
base,mnli+qnli+qqp+paws+imdb+squad_v2,6,cr,0.6979737021028996,0.887133465813739
base,mnli+qnli+qqp+paws+imdb+squad_v2,6,rotten_tomatoes,0.7172913349100521,0.892539490546499
base,mnli+qnli+qqp+paws+imdb+squad_v2,6,multirc,0.6827245538255998,0.8768777397594282
base,mnli+qnli+qqp+paws+imdb+squad_v2,6,copa,0.5903101361223629,0.8493769796831268
base,mnli+qnli+qqp+paws+imdb+squad_v2,6,piqa,0.6141213250479528,0.8548142039882285
base,mnli+qnli+qqp+paws+imdb+squad_v2+hellaswag,7,mrpc,0.652895413339138,0.8698764544512544
base,mnli+qnli+qqp+paws+imdb+squad_v2+hellaswag,7,boolq,0.6825521625578403,0.8759863866227013
base,mnli+qnli+qqp+paws+imdb+squad_v2+hellaswag,7,rte,0.7076215448656252,0.8913554378918239
base,mnli+qnli+qqp+paws+imdb+squad_v2+hellaswag,7,cola,0.6371767261464681,0.862903638609818
base,mnli+qnli+qqp+paws+imdb+squad_v2+hellaswag,7,cb,0.6777281737221139,0.8840671916093145
base,mnli+qnli+qqp+paws+imdb+squad_v2+hellaswag,7,scitail,0.7213347008717912,0.8893178105354309
base,mnli+qnli+qqp+paws+imdb+squad_v2+hellaswag,7,stsb,0.5787573603780142,0.8484994199659143
base,mnli+qnli+qqp+paws+imdb+squad_v2+hellaswag,7,cr,0.6997485206063304,0.8871440584106105
base,mnli+qnli+qqp+paws+imdb+squad_v2+hellaswag,7,rotten_tomatoes,0.718454599114401,0.8924834145499128
base,mnli+qnli+qqp+paws+imdb+squad_v2+hellaswag,7,multirc,0.6866938618144819,0.876957116914647
base,mnli+qnli+qqp+paws+imdb+squad_v2+hellaswag,7,copa,0.5982358174930725,0.8516607311155114
base,mnli+qnli+qqp+paws+imdb+squad_v2+hellaswag,7,piqa,0.6562710702419281,0.8681101594120264
base,mnli+qnli+qqp+paws+imdb+squad_v2+hellaswag+winogrande,8,mrpc,0.6541930963950497,0.8699634724429676
base,mnli+qnli+qqp+paws+imdb+squad_v2+hellaswag+winogrande,8,boolq,0.6836450531014374,0.8760533902261939
base,mnli+qnli+qqp+paws+imdb+squad_v2+hellaswag+winogrande,8,rte,0.707892539777926,0.8911313382642609
base,mnli+qnli+qqp+paws+imdb+squad_v2+hellaswag+winogrande,8,cola,0.6383545329528195,0.8630265444517136
base,mnli+qnli+qqp+paws+imdb+squad_v2+hellaswag+winogrande,8,cb,0.679065681461777,0.8838848269411496
base,mnli+qnli+qqp+paws+imdb+squad_v2+hellaswag+winogrande,8,scitail,0.7214073717061963,0.889214092333402
base,mnli+qnli+qqp+paws+imdb+squad_v2+hellaswag+winogrande,8,stsb,0.5802583558085773,0.8485186773219279
base,mnli+qnli+qqp+paws+imdb+squad_v2+hellaswag+winogrande,8,cr,0.7015030080718654,0.8872243879096848
base,mnli+qnli+qqp+paws+imdb+squad_v2+hellaswag+winogrande,8,rotten_tomatoes,0.7195295843162707,0.8925386409142188
base,mnli+qnli+qqp+paws+imdb+squad_v2+hellaswag+winogrande,8,multirc,0.6873682559068713,0.8769838881811926
base,mnli+qnli+qqp+paws+imdb+squad_v2+hellaswag+winogrande,8,copa,0.6062095758638212,0.8539200220257044
base,mnli+qnli+qqp+paws+imdb+squad_v2+hellaswag+winogrande,8,piqa,0.686004599822419,0.8772057127207518
base,mnli+qnli+qqp+paws+imdb+squad_v2+winogrande,7,mrpc,0.6524258224027497,0.8697541510420186
base,mnli+qnli+qqp+paws+imdb+squad_v2+winogrande,7,boolq,0.6827658295099225,0.8761669056756156
base,mnli+qnli+qqp+paws+imdb+squad_v2+winogrande,7,rte,0.7059317260448422,0.8909968675247261
base,mnli+qnli+qqp+paws+imdb+squad_v2+winogrande,7,cola,0.6365838065477354,0.8628154987735408
base,mnli+qnli+qqp+paws+imdb+squad_v2+winogrande,7,cb,0.6753889827855996,0.8835282639733383
base,mnli+qnli+qqp+paws+imdb+squad_v2+winogrande,7,scitail,0.7210843129349607,0.8893725190843854
base,mnli+qnli+qqp+paws+imdb+squad_v2+winogrande,7,stsb,0.5774196286552719,0.8483040375368935
base,mnli+qnli+qqp+paws+imdb+squad_v2+winogrande,7,cr,0.7001678312995604,0.8872384961162295
base,mnli+qnli+qqp+paws+imdb+squad_v2+winogrande,7,rotten_tomatoes,0.718851700425148,0.892672556319407
base,mnli+qnli+qqp+paws+imdb+squad_v2+winogrande,7,multirc,0.6863254047930241,0.876951170286962
base,mnli+qnli+qqp+paws+imdb+squad_v2+winogrande,7,copa,0.6002006900629827,0.852191997691989
base,mnli+qnli+qqp+paws+imdb+squad_v2+winogrande,7,piqa,0.6683542154995459,0.8715021429317338
base,mnli+qnli+qqp+paws+imdb+winogrande,6,mrpc,0.6263303966926677,0.8696580358913967
base,mnli+qnli+qqp+paws+imdb+winogrande,6,boolq,0.6537199953038778,0.877708929723927
base,mnli+qnli+qqp+paws+imdb+winogrande,6,rte,0.6827206007604089,0.8937851935625076
base,mnli+qnli+qqp+paws+imdb+winogrande,6,cola,0.6041374205877739,0.8596782455486911
base,mnli+qnli+qqp+paws+imdb+winogrande,6,cb,0.6468088084033558,0.8865323391343866
base,mnli+qnli+qqp+paws+imdb+winogrande,6,scitail,0.7033585344574281,0.8911893218755722
base,mnli+qnli+qqp+paws+imdb+winogrande,6,stsb,0.5472494492174259,0.8470773119479418
base,mnli+qnli+qqp+paws+imdb+winogrande,6,cr,0.6711577504341092,0.8902393068586077
base,mnli+qnli+qqp+paws+imdb+winogrande,6,rotten_tomatoes,0.6926179606733578,0.8952424057892391
base,mnli+qnli+qqp+paws+imdb+winogrande,6,multirc,0.6512122824788094,0.876751304471067
base,mnli+qnli+qqp+paws+imdb+winogrande,6,copa,0.5602970150565463,0.850365928507277
base,mnli+qnli+qqp+paws+imdb+winogrande,6,piqa,0.6376859642166112,0.8725047609103578
base,mnli+qnli+qqp+paws+squad_v2,5,mrpc,0.6458847184798547,0.8683177754282951
base,mnli+qnli+qqp+paws+squad_v2,5,boolq,0.6768109766500336,0.8756795429757663
base,mnli+qnli+qqp+paws+squad_v2,5,rte,0.7001633519040686,0.8896448638822351
base,mnli+qnli+qqp+paws+squad_v2,5,cola,0.6295775137841702,0.8613007555582693
base,mnli+qnli+qqp+paws+squad_v2,5,cb,0.663117967279894,0.8804948156965631
base,mnli+qnli+qqp+paws+squad_v2,5,scitail,0.7189742214977741,0.8891126925923994
base,mnli+qnli+qqp+paws+squad_v2,5,stsb,0.5733460742048919,0.8480733420167651
base,mnli+qnli+qqp+paws+squad_v2,5,cr,0.623988574570311,0.8596090174147061
base,mnli+qnli+qqp+paws+squad_v2,5,rotten_tomatoes,0.6229220253548452,0.8579799320016589
base,mnli+qnli+qqp+paws+squad_v2,5,multirc,0.6819088661244938,0.8768753848437753
base,mnli+qnli+qqp+paws+squad_v2,5,copa,0.5860791404598525,0.8484743748392377
base,mnli+qnli+qqp+paws+squad_v2,5,piqa,0.6126529443343836,0.8546889991100345
base,mnli+qnli+qqp+paws+squad_v2+hellaswag,6,mrpc,0.648671369733555,0.8686095449541297
base,mnli+qnli+qqp+paws+squad_v2+hellaswag,6,boolq,0.6790179671453578,0.8757242310260024
base,mnli+qnli+qqp+paws+squad_v2+hellaswag,6,rte,0.7029733386422906,0.8899384061140674
base,mnli+qnli+qqp+paws+squad_v2+hellaswag,6,cola,0.6326811897701451,0.8616136485444648
base,mnli+qnli+qqp+paws+squad_v2+hellaswag,6,cb,0.6679570406143155,0.8809901108699185
base,mnli+qnli+qqp+paws+squad_v2+hellaswag,6,scitail,0.7197897918522358,0.8890020618481296
base,mnli+qnli+qqp+paws+squad_v2+hellaswag,6,stsb,0.5777562861330807,0.8484335134604147
base,mnli+qnli+qqp+paws+squad_v2+hellaswag,6,cr,0.6272229717246124,0.8599074288670506
base,mnli+qnli+qqp+paws+squad_v2+hellaswag,6,rotten_tomatoes,0.6253240761746254,0.8581259311842067
base,mnli+qnli+qqp+paws+squad_v2+hellaswag,6,multirc,0.6842343094093459,0.8769911900162697
base,mnli+qnli+qqp+paws+squad_v2+hellaswag,6,copa,0.5944195255371076,0.8507011881364244
base,mnli+qnli+qqp+paws+squad_v2+hellaswag,6,piqa,0.6555752219366175,0.8681304295148168
base,mnli+qnli+qqp+paws+squad_v2+hellaswag+winogrande,7,mrpc,0.6502907709883792,0.8687215883816991
base,mnli+qnli+qqp+paws+squad_v2+hellaswag+winogrande,7,boolq,0.6824299969843456,0.8758170386510236
base,mnli+qnli+qqp+paws+squad_v2+hellaswag+winogrande,7,rte,0.7035179438867739,0.8897426719112056
base,mnli+qnli+qqp+paws+squad_v2+hellaswag+winogrande,7,cola,0.6342756685667804,0.8618458474853209
base,mnli+qnli+qqp+paws+squad_v2+hellaswag+winogrande,7,cb,0.669728258890765,0.8809395690581628
base,mnli+qnli+qqp+paws+squad_v2+hellaswag+winogrande,7,scitail,0.720072176573532,0.8888800620500531
base,mnli+qnli+qqp+paws+squad_v2+hellaswag+winogrande,7,stsb,0.5794442004657218,0.8483864217996597
base,mnli+qnli+qqp+paws+squad_v2+hellaswag+winogrande,7,cr,0.6310643279658896,0.8604462961001056
base,mnli+qnli+qqp+paws+squad_v2+hellaswag+winogrande,7,rotten_tomatoes,0.6288049425929785,0.8585772729877915
base,mnli+qnli+qqp+paws+squad_v2+hellaswag+winogrande,7,multirc,0.68741489308221,0.8770013145570245
base,mnli+qnli+qqp+paws+squad_v2+hellaswag+winogrande,7,copa,0.6026012667321733,0.8531037289649248
base,mnli+qnli+qqp+paws+squad_v2+hellaswag+winogrande,7,piqa,0.6858161266094872,0.8772392555006913
base,mnli+qnli+qqp+paws+squad_v2+winogrande,6,mrpc,0.6482557853949922,0.8684956303664616
base,mnli+qnli+qqp+paws+squad_v2+winogrande,6,boolq,0.6793800246502671,0.8758830308382001
base,mnli+qnli+qqp+paws+squad_v2+winogrande,6,rte,0.7013406487447875,0.8895243273249694
base,mnli+qnli+qqp+paws+squad_v2+winogrande,6,cola,0.6321941264239805,0.8615723667400224
base,mnli+qnli+qqp+paws+squad_v2+winogrande,6,cb,0.6655742693692446,0.8803796701665435
base,mnli+qnli+qqp+paws+squad_v2+winogrande,6,scitail,0.7196791938373021,0.8890084422060421
base,mnli+qnli+qqp+paws+squad_v2+winogrande,6,stsb,0.5763966145126947,0.8482572941907814
base,mnli+qnli+qqp+paws+squad_v2+winogrande,6,cr,0.6285445969551802,0.8601466686065707
base,mnli+qnli+qqp+paws+squad_v2+winogrande,6,rotten_tomatoes,0.6270132954897625,0.8585124082331147
base,mnli+qnli+qqp+paws+squad_v2+winogrande,6,multirc,0.6839387980954987,0.8769373430737427
base,mnli+qnli+qqp+paws+squad_v2+winogrande,6,copa,0.5964645722082683,0.8514043507831437
base,mnli+qnli+qqp+paws+squad_v2+winogrande,6,piqa,0.6678801732403892,0.8714877593197993
base,mnli+qnli+qqp+paws+winogrande,5,mrpc,0.6200139597058296,0.8683299188102994
base,mnli+qnli+qqp+paws+winogrande,5,boolq,0.6482070234737226,0.8773474012102399
base,mnli+qnli+qqp+paws+winogrande,5,rte,0.6761709318629333,0.8923234870391232
base,mnli+qnli+qqp+paws+winogrande,5,cola,0.5974835691574428,0.8581081684678793
base,mnli+qnli+qqp+paws+winogrande,5,cb,0.6334760236952987,0.8832843974232674
base,mnli+qnli+qqp+paws+winogrande,5,scitail,0.700471921956965,0.8908484458391156
base,mnli+qnli+qqp+paws+winogrande,5,stsb,0.5451450242793986,0.846991427508848
base,mnli+qnli+qqp+paws+winogrande,5,cr,0.5973744421665158,0.8588686628001077
base,mnli+qnli+qqp+paws+winogrande,5,rotten_tomatoes,0.599167858117393,0.8574317768216133
base,mnli+qnli+qqp+paws+winogrande,5,multirc,0.6473984691713538,0.8766336209539857
base,mnli+qnli+qqp+paws+winogrande,5,copa,0.5531246032831925,0.8493204646344695
base,mnli+qnli+qqp+paws+winogrande,5,piqa,0.6357356143583145,0.8725435507616827
base,mnli+qnli+qqp+record,4,mrpc,0.6390917742890971,0.8667708105806794
base,mnli+qnli+qqp+record,4,boolq,0.6158485155153487,0.8577952738851309
base,mnli+qnli+qqp+record,4,rte,0.6950132045894861,0.8896895375634942
base,mnli+qnli+qqp+record,4,cola,0.6168782683089375,0.8578641401337725
base,mnli+qnli+qqp+record,4,cb,0.6564933386232171,0.8809169501598392
base,mnli+qnli+qqp+record,4,scitail,0.7151236313262156,0.8888933546841145
base,mnli+qnli+qqp+record,4,stsb,0.5669182612494167,0.8468491365867001
base,mnli+qnli+qqp+record,4,cr,0.6145692985904004,0.8579436250563178
base,mnli+qnli+qqp+record,4,rotten_tomatoes,0.6158922250781741,0.8567757963069847
base,mnli+qnli+qqp+record,4,multirc,0.6272682553556349,0.8599754702299833
base,mnli+qnli+qqp+record,4,copa,0.5736565863314483,0.8462302815169096
base,mnli+qnli+qqp+record,4,piqa,0.6071888911537826,0.8534102610179356
base,mnli+qnli+qqp+record+anli_r1,5,mrpc,0.6427936516702175,0.8684888992990766
base,mnli+qnli+qqp+record+anli_r1,5,boolq,0.6148321192179408,0.8581532777420112
base,mnli+qnli+qqp+record+anli_r1,5,rte,0.705899127093809,0.8940006074096475
base,mnli+qnli+qqp+record+anli_r1,5,cola,0.617956300199564,0.8587736644382987
base,mnli+qnli+qqp+record+anli_r1,5,cb,0.6919293273240328,0.8950207180210522
base,mnli+qnli+qqp+record+anli_r1,5,scitail,0.722878148779273,0.8916990304631847
base,mnli+qnli+qqp+record+anli_r1,5,stsb,0.5647063770198396,0.8470197027283055
base,mnli+qnli+qqp+record+anli_r1,5,cr,0.6184748765746397,0.8596301680164677
base,mnli+qnli+qqp+record+anli_r1,5,rotten_tomatoes,0.6168168341474873,0.8576576890689986
base,mnli+qnli+qqp+record+anli_r1,5,multirc,0.625621254622404,0.860222388324993
base,mnli+qnli+qqp+record+anli_r1,5,copa,0.573086207200374,0.8467803121145282
base,mnli+qnli+qqp+record+anli_r1,5,piqa,0.6051074919024748,0.8535153714141676
base,mnli+qnli+qqp+record+anli_r1+hellaswag,6,mrpc,0.6453040210264069,0.8687645037259374
base,mnli+qnli+qqp+record+anli_r1+hellaswag,6,boolq,0.6177014208930943,0.8583335559815168
base,mnli+qnli+qqp+record+anli_r1+hellaswag,6,rte,0.7087028726403203,0.8941270033163684
base,mnli+qnli+qqp+record+anli_r1+hellaswag,6,cola,0.6207186867749053,0.8591210818184274
base,mnli+qnli+qqp+record+anli_r1+hellaswag,6,cb,0.6965849335704531,0.8952755880142961
base,mnli+qnli+qqp+record+anli_r1+hellaswag,6,scitail,0.7243258671036789,0.8915711564144918
base,mnli+qnli+qqp+record+anli_r1+hellaswag,6,stsb,0.5690087006826486,0.8474181145429611
base,mnli+qnli+qqp+record+anli_r1+hellaswag,6,cr,0.6216912711970508,0.8599064193133797
base,mnli+qnli+qqp+record+anli_r1+hellaswag,6,rotten_tomatoes,0.6191761006068971,0.8577846286020109
base,mnli+qnli+qqp+record+anli_r1+hellaswag,6,multirc,0.6283461614511907,0.8605118904794965
base,mnli+qnli+qqp+record+anli_r1+hellaswag,6,copa,0.5820352655303266,0.8495895508676767
base,mnli+qnli+qqp+record+anli_r1+hellaswag,6,piqa,0.6468321186756449,0.8678107336163521
base,mnli+qnli+qqp+record+anli_r1+hellaswag+winogrande,7,mrpc,0.6468947104045323,0.8688196970948151
base,mnli+qnli+qqp+record+anli_r1+hellaswag+winogrande,7,boolq,0.6202639024039465,0.8585411664098501
base,mnli+qnli+qqp+record+anli_r1+hellaswag+winogrande,7,rte,0.708998576338802,0.8938930699867862
base,mnli+qnli+qqp+record+anli_r1+hellaswag+winogrande,7,cola,0.6225781961610275,0.8593979022864785
base,mnli+qnli+qqp+record+anli_r1+hellaswag+winogrande,7,cb,0.6971895348812852,0.8950089152370181
base,mnli+qnli+qqp+record+anli_r1+hellaswag+winogrande,7,scitail,0.7244751038295882,0.891397134267858
base,mnli+qnli+qqp+record+anli_r1+hellaswag+winogrande,7,stsb,0.5711140282052968,0.847526456628527
base,mnli+qnli+qqp+record+anli_r1+hellaswag+winogrande,7,cr,0.6253104461356997,0.8604837671986648
base,mnli+qnli+qqp+record+anli_r1+hellaswag+winogrande,7,rotten_tomatoes,0.6225082374710057,0.8582788727113179
base,mnli+qnli+qqp+record+anli_r1+hellaswag+winogrande,7,multirc,0.6299295742064714,0.8606828993984631
base,mnli+qnli+qqp+record+anli_r1+hellaswag+winogrande,7,copa,0.5912833058807466,0.852225204131433
base,mnli+qnli+qqp+record+anli_r1+hellaswag+winogrande,7,piqa,0.6803197533424411,0.8770978134125471
base,mnli+qnli+qqp+record+anli_r1+imdb,6,mrpc,0.6471387996737447,0.8696884092475686
base,mnli+qnli+qqp+record+anli_r1+imdb,6,boolq,0.6179833937037204,0.8586321558271136
base,mnli+qnli+qqp+record+anli_r1+imdb,6,rte,0.7104363574513367,0.895130495939936
base,mnli+qnli+qqp+record+anli_r1+imdb,6,cola,0.6228809411238346,0.860074153968266
base,mnli+qnli+qqp+record+anli_r1+imdb,6,cb,0.7021132194037948,0.8972295671701431
base,mnli+qnli+qqp+record+anli_r1+imdb,6,scitail,0.7248109525867871,0.8919579868337938
base,mnli+qnli+qqp+record+anli_r1+imdb,6,stsb,0.5659172124495464,0.8471557689564568
base,mnli+qnli+qqp+record+anli_r1+imdb,6,cr,0.6936947418642896,0.888166065194777
base,mnli+qnli+qqp+record+anli_r1+imdb,6,rotten_tomatoes,0.7126850600221327,0.8933517557701894
base,mnli+qnli+qqp+record+anli_r1+imdb,6,multirc,0.626863875359829,0.8604095753814492
base,mnli+qnli+qqp+record+anli_r1+imdb,6,copa,0.5783572754423533,0.847856637888721
base,mnli+qnli+qqp+record+anli_r1+imdb,6,piqa,0.6062600462298308,0.8536369326923575
base,mnli+qnli+qqp+record+anli_r1+imdb+hellaswag,7,mrpc,0.6493748801627329,0.8698408811220101
base,mnli+qnli+qqp+record+anli_r1+imdb+hellaswag,7,boolq,0.6205207374212998,0.8588060659489462
base,mnli+qnli+qqp+record+anli_r1+imdb+hellaswag,7,rte,0.712539393188698,0.8952064615275178
base,mnli+qnli+qqp+record+anli_r1+imdb+hellaswag,7,cola,0.6255306230325784,0.8604173503283944
base,mnli+qnli+qqp+record+anli_r1+imdb+hellaswag,7,cb,0.7050171473196575,0.8973947114178112
base,mnli+qnli+qqp+record+anli_r1+imdb+hellaswag,7,scitail,0.725669478731496,0.8918189443647861
base,mnli+qnli+qqp+record+anli_r1+imdb+hellaswag,7,stsb,0.5702163550470557,0.8475327188415187
base,mnli+qnli+qqp+record+anli_r1+imdb+hellaswag,7,cr,0.6966967087771211,0.8881275888000216
base,mnli+qnli+qqp+record+anli_r1+imdb+hellaswag,7,rotten_tomatoes,0.7150847396946379,0.8932035565376282
base,mnli+qnli+qqp+record+anli_r1+imdb+hellaswag,7,multirc,0.6294722886356924,0.8606359921395779
base,mnli+qnli+qqp+record+anli_r1+imdb+hellaswag,7,copa,0.5868744903377124,0.8506843636610678
base,mnli+qnli+qqp+record+anli_r1+imdb+hellaswag,7,piqa,0.6474657193757594,0.8677699411553996
base,mnli+qnli+qqp+record+anli_r1+imdb+hellaswag+winogrande,8,mrpc,0.6506555591310773,0.8699096515774727
base,mnli+qnli+qqp+record+anli_r1+imdb+hellaswag+winogrande,8,boolq,0.6226842497874584,0.8589403014630079
base,mnli+qnli+qqp+record+anli_r1+imdb+hellaswag+winogrande,8,rte,0.7132267028625522,0.8949434209082808
base,mnli+qnli+qqp+record+anli_r1+imdb+hellaswag+winogrande,8,cola,0.6269622198306024,0.8605364422713008
base,mnli+qnli+qqp+record+anli_r1+imdb+hellaswag+winogrande,8,cb,0.7051103327955518,0.8971104925232274
base,mnli+qnli+qqp+record+anli_r1+imdb+hellaswag+winogrande,8,scitail,0.7257039384650332,0.8916814159601927
base,mnli+qnli+qqp+record+anli_r1+imdb+hellaswag+winogrande,8,stsb,0.5720101572307092,0.8476204568786281
base,mnli+qnli+qqp+record+anli_r1+imdb+hellaswag+winogrande,8,cr,0.6981596242902535,0.888268979532378
base,mnli+qnli+qqp+record+anli_r1+imdb+hellaswag+winogrande,8,rotten_tomatoes,0.7160002754202911,0.8932783606329134
base,mnli+qnli+qqp+record+anli_r1+imdb+hellaswag+winogrande,8,multirc,0.6308455229071634,0.8608140056686742
base,mnli+qnli+qqp+record+anli_r1+imdb+hellaswag+winogrande,8,copa,0.5953939697439117,0.8531427859727826
base,mnli+qnli+qqp+record+anli_r1+imdb+hellaswag+winogrande,8,piqa,0.6804175757403884,0.8770777697541884
base,mnli+qnli+qqp+record+anli_r1+imdb+squad_v2,7,mrpc,0.6630273501255682,0.8697176192487989
base,mnli+qnli+qqp+record+anli_r1+imdb+squad_v2,7,boolq,0.6362080472920623,0.859182821320636
base,mnli+qnli+qqp+record+anli_r1+imdb+squad_v2,7,rte,0.7218157728867871,0.8932039961218834
base,mnli+qnli+qqp+record+anli_r1+imdb+squad_v2,7,cola,0.646775255511914,0.8624574270631585
base,mnli+qnli+qqp+record+anli_r1+imdb+squad_v2,7,cb,0.714763053293739,0.8948137504713876
base,mnli+qnli+qqp+record+anli_r1+imdb+squad_v2,7,scitail,0.7332857927041394,0.890685861664159
base,mnli+qnli+qqp+record+anli_r1+imdb+squad_v2,7,stsb,0.5875968717570815,0.8477990818875176
base,mnli+qnli+qqp+record+anli_r1+imdb+squad_v2,7,cr,0.7090161094175917,0.8862520759659154
base,mnli+qnli+qqp+record+anli_r1+imdb+squad_v2,7,rotten_tomatoes,0.7259726864950997,0.891546739797507
base,mnli+qnli+qqp+record+anli_r1+imdb+squad_v2,7,multirc,0.6473454745220286,0.8618791805846351
base,mnli+qnli+qqp+record+anli_r1+imdb+squad_v2,7,copa,0.6059214776115758,0.8497680907270738
base,mnli+qnli+qqp+record+anli_r1+imdb+squad_v2,7,piqa,0.6268829909552421,0.8545620877827916
base,mnli+qnli+qqp+record+anli_r1+imdb+squad_v2+hellaswag,8,mrpc,0.664466833163585,0.8697947529809815
base,mnli+qnli+qqp+record+anli_r1+imdb+squad_v2+hellaswag,8,boolq,0.6377167914594922,0.8592835419944355
base,mnli+qnli+qqp+record+anli_r1+imdb+squad_v2+hellaswag,8,rte,0.7231516484171152,0.8932754083403519
base,mnli+qnli+qqp+record+anli_r1+imdb+squad_v2+hellaswag,8,cola,0.6486413396362748,0.8627157054309335
base,mnli+qnli+qqp+record+anli_r1+imdb+squad_v2+hellaswag,8,cb,0.7167503115321908,0.8949984210942473
base,mnli+qnli+qqp+record+anli_r1+imdb+squad_v2+hellaswag,8,scitail,0.7336499698992286,0.8906170978610005
base,mnli+qnli+qqp+record+anli_r1+imdb+squad_v2+hellaswag,8,stsb,0.5906707746908069,0.8481370487383434
base,mnli+qnli+qqp+record+anli_r1+imdb+squad_v2+hellaswag,8,cr,0.7100061649190528,0.8862278972353254
base,mnli+qnli+qqp+record+anli_r1+imdb+squad_v2+hellaswag,8,rotten_tomatoes,0.7264958351318326,0.8914555705019406
base,mnli+qnli+qqp+record+anli_r1+imdb+squad_v2+hellaswag,8,multirc,0.6489120737782547,0.8620699380657503
base,mnli+qnli+qqp+record+anli_r1+imdb+squad_v2+hellaswag,8,copa,0.6122304970132453,0.8519259297422
base,mnli+qnli+qqp+record+anli_r1+imdb+squad_v2+hellaswag,8,piqa,0.6646824759830322,0.8670004177838564
base,mnli+qnli+qqp+record+anli_r1+imdb+squad_v2+hellaswag+winogrande,9,mrpc,0.664975464876209,0.8699080023382392
base,mnli+qnli+qqp+record+anli_r1+imdb+squad_v2+hellaswag+winogrande,9,boolq,0.6391182081507785,0.859444621950388
base,mnli+qnli+qqp+record+anli_r1+imdb+squad_v2+hellaswag+winogrande,9,rte,0.7228820858789342,0.8931139728852681
base,mnli+qnli+qqp+record+anli_r1+imdb+squad_v2+hellaswag+winogrande,9,cola,0.6491751769291503,0.8628745573971953
base,mnli+qnli+qqp+record+anli_r1+imdb+squad_v2+hellaswag+winogrande,9,cb,0.716386825378452,0.8948285052818912
base,mnli+qnli+qqp+record+anli_r1+imdb+squad_v2+hellaswag+winogrande,9,scitail,0.7334259977298123,0.8905416471617562
base,mnli+qnli+qqp+record+anli_r1+imdb+squad_v2+hellaswag+winogrande,9,stsb,0.591815880366734,0.848202268193875
base,mnli+qnli+qqp+record+anli_r1+imdb+squad_v2+hellaswag+winogrande,9,cr,0.7109989587749753,0.8863797390035221
base,mnli+qnli+qqp+record+anli_r1+imdb+squad_v2+hellaswag+winogrande,9,rotten_tomatoes,0.7270390024142606,0.8915239040340696
base,mnli+qnli+qqp+record+anli_r1+imdb+squad_v2+hellaswag+winogrande,9,multirc,0.6495084654805916,0.8622170423290559
base,mnli+qnli+qqp+record+anli_r1+imdb+squad_v2+hellaswag+winogrande,9,copa,0.6185652230467115,0.8540356356118407
base,mnli+qnli+qqp+record+anli_r1+imdb+squad_v2+hellaswag+winogrande,9,piqa,0.695605767890811,0.8760690611920187
base,mnli+qnli+qqp+record+anli_r1+imdb+squad_v2+winogrande,8,mrpc,0.6640277715133769,0.8698134252003261
base,mnli+qnli+qqp+record+anli_r1+imdb+squad_v2+winogrande,8,boolq,0.6383392506146005,0.8594044425657817
base,mnli+qnli+qqp+record+anli_r1+imdb+squad_v2+winogrande,8,rte,0.7217551956751517,0.8930391733135495
base,mnli+qnli+qqp+record+anli_r1+imdb+squad_v2+winogrande,8,cola,0.6480729987046548,0.8626065852918795
base,mnli+qnli+qqp+record+anli_r1+imdb+squad_v2+winogrande,8,cb,0.7147141663091523,0.8946995165731225
base,mnli+qnli+qqp+record+anli_r1+imdb+squad_v2+winogrande,8,scitail,0.733243974457894,0.8906209450215101
base,mnli+qnli+qqp+record+anli_r1+imdb+squad_v2+winogrande,8,stsb,0.5896096822938749,0.8479612706495183
base,mnli+qnli+qqp+record+anli_r1+imdb+squad_v2+winogrande,8,cr,0.7104361562856606,0.8864439145794937
base,mnli+qnli+qqp+record+anli_r1+imdb+squad_v2+winogrande,8,rotten_tomatoes,0.7269889137574604,0.8916611197803702
base,mnli+qnli+qqp+record+anli_r1+imdb+squad_v2+winogrande,8,multirc,0.6485510644103799,0.8620283965553556
base,mnli+qnli+qqp+record+anli_r1+imdb+squad_v2+winogrande,8,copa,0.6137504311544555,0.8522090930491686
base,mnli+qnli+qqp+record+anli_r1+imdb+squad_v2+winogrande,8,piqa,0.6798874051975352,0.8706277467842612
base,mnli+qnli+qqp+record+anli_r1+imdb+winogrande,7,mrpc,0.6490217370114156,0.869841430336237
base,mnli+qnli+qqp+record+anli_r1+imdb+winogrande,7,boolq,0.6212326688026744,0.85886418021151
base,mnli+qnli+qqp+record+anli_r1+imdb+winogrande,7,rte,0.7111006397753954,0.8948758973606995
base,mnli+qnli+qqp+record+anli_r1+imdb+winogrande,7,cola,0.6250111715468977,0.8602731810616595
base,mnli+qnli+qqp+record+anli_r1+imdb+winogrande,7,cb,0.7026311664709023,0.896964067859309
base,mnli+qnli+qqp+record+anli_r1+imdb+winogrande,7,scitail,0.7252151433910642,0.8918250096695763
base,mnli+qnli+qqp+record+anli_r1+imdb+winogrande,7,stsb,0.5690561180402126,0.847420707611101
base,mnli+qnli+qqp+record+anli_r1+imdb+winogrande,7,cr,0.6969170404731163,0.888338314635413
base,mnli+qnli+qqp+record+anli_r1+imdb+winogrande,7,rotten_tomatoes,0.7153657265007496,0.8934085653828723
base,mnli+qnli+qqp+record+anli_r1+imdb+winogrande,7,multirc,0.6290363191760012,0.8606213136975255
base,mnli+qnli+qqp+record+anli_r1+imdb+winogrande,7,copa,0.5886741576583258,0.8511119035205671
base,mnli+qnli+qqp+record+anli_r1+imdb+winogrande,7,piqa,0.6629546894026654,0.8712894477482352
base,mnli+qnli+qqp+record+anli_r1+paws,6,mrpc,0.6444245230938707,0.869145106524229
base,mnli+qnli+qqp+record+anli_r1+paws,6,boolq,0.6713653065796409,0.8761317538363593
base,mnli+qnli+qqp+record+anli_r1+paws,6,rte,0.7062188820647342,0.8941222072712013
base,mnli+qnli+qqp+record+anli_r1+paws,6,cola,0.6193139356827098,0.8592804643724646
base,mnli+qnli+qqp+record+anli_r1+paws,6,cb,0.6912193865116153,0.8943762294948101
base,mnli+qnli+qqp+record+anli_r1+paws,6,scitail,0.7235196831503085,0.8918847109058073
base,mnli+qnli+qqp+record+anli_r1+paws,6,stsb,0.5656568886978286,0.8473739866167307
base,mnli+qnli+qqp+record+anli_r1+paws,6,cr,0.619792364737285,0.8599791231432131
base,mnli+qnli+qqp+record+anli_r1+paws,6,rotten_tomatoes,0.6184555558886912,0.8579740319401026
base,mnli+qnli+qqp+record+anli_r1+paws,6,multirc,0.6714460334873625,0.8759850646768298
base,mnli+qnli+qqp+record+anli_r1+paws,6,copa,0.5745614152401686,0.8472536360578877
base,mnli+qnli+qqp+record+anli_r1+paws,6,piqa,0.6069125050146665,0.8540871082139867
base,mnli+qnli+qqp+record+anli_r1+paws+hellaswag,7,mrpc,0.6467439069279602,0.8693147833858218
base,mnli+qnli+qqp+record+anli_r1+paws+hellaswag,7,boolq,0.6731233463755676,0.8761110952390092
base,mnli+qnli+qqp+record+anli_r1+paws+hellaswag,7,rte,0.709138219111732,0.8942525514534542
base,mnli+qnli+qqp+record+anli_r1+paws+hellaswag,7,cola,0.6219027851309095,0.8595579426203456
base,mnli+qnli+qqp+record+anli_r1+paws+hellaswag,7,cb,0.6947557644120285,0.8946577230734485
base,mnli+qnli+qqp+record+anli_r1+paws+hellaswag,7,scitail,0.7244476369981255,0.8917691215340581
base,mnli+qnli+qqp+record+anli_r1+paws+hellaswag,7,stsb,0.5698008215986192,0.8477784908775773
base,mnli+qnli+qqp+record+anli_r1+paws+hellaswag,7,cr,0.6226326033606061,0.8602655753493309
base,mnli+qnli+qqp+record+anli_r1+paws+hellaswag,7,rotten_tomatoes,0.6205999173357019,0.8581060189753771
base,mnli+qnli+qqp+record+anli_r1+paws+hellaswag,7,multirc,0.6734834047300475,0.8760489180151906
base,mnli+qnli+qqp+record+anli_r1+paws+hellaswag,7,copa,0.5825983605214528,0.8497499126408782
base,mnli+qnli+qqp+record+anli_r1+paws+hellaswag,7,piqa,0.64717881082158,0.8680164300437484
base,mnli+qnli+qqp+record+anli_r1+paws+hellaswag+winogrande,8,mrpc,0.6480565084410566,0.8692904779953616
base,mnli+qnli+qqp+record+anli_r1+paws+hellaswag+winogrande,8,boolq,0.6744334299915603,0.8762307073920965
base,mnli+qnli+qqp+record+anli_r1+paws+hellaswag+winogrande,8,rte,0.7092901029224906,0.8940128247652736
base,mnli+qnli+qqp+record+anli_r1+paws+hellaswag+winogrande,8,cola,0.623511685856751,0.8597350144492728
base,mnli+qnli+qqp+record+anli_r1+paws+hellaswag+winogrande,8,cb,0.6950153809572969,0.8943930678069592
base,mnli+qnli+qqp+record+anli_r1+paws+hellaswag+winogrande,8,scitail,0.7245628759264946,0.8915727984692369
base,mnli+qnli+qqp+record+anli_r1+paws+hellaswag+winogrande,8,stsb,0.5716390736134989,0.8478707926613944
base,mnli+qnli+qqp+record+anli_r1+paws+hellaswag+winogrande,8,cr,0.6258748250880412,0.860780523291656
base,mnli+qnli+qqp+record+anli_r1+paws+hellaswag+winogrande,8,rotten_tomatoes,0.6235914114596588,0.8585775558437619
base,mnli+qnli+qqp+record+anli_r1+paws+hellaswag+winogrande,8,multirc,0.6743440207626138,0.8760936076619795
base,mnli+qnli+qqp+record+anli_r1+paws+hellaswag+winogrande,8,copa,0.5913122556438404,0.8524044177361897
base,mnli+qnli+qqp+record+anli_r1+paws+hellaswag+winogrande,8,piqa,0.680243067576417,0.8772048758608955
base,mnli+qnli+qqp+record+anli_r1+paws+imdb,7,mrpc,0.6484900388334479,0.8702501633337566
base,mnli+qnli+qqp+record+anli_r1+paws+imdb,7,boolq,0.6730266977101564,0.8764225287096841
base,mnli+qnli+qqp+record+anli_r1+paws+imdb,7,rte,0.7107888249946492,0.8952319169683116
base,mnli+qnli+qqp+record+anli_r1+paws+imdb,7,cola,0.6236945589605186,0.8605239356734923
base,mnli+qnli+qqp+record+anli_r1+paws+imdb,7,cb,0.699827057708587,0.8966474969472203
base,mnli+qnli+qqp+record+anli_r1+paws+imdb,7,scitail,0.7249055065746818,0.8921239117958716
base,mnli+qnli+qqp+record+anli_r1+paws+imdb,7,stsb,0.5667133238831801,0.8474899849721363
base,mnli+qnli+qqp+record+anli_r1+paws+imdb,7,cr,0.6937684783312891,0.8879540780825275
base,mnli+qnli+qqp+record+anli_r1+paws+imdb,7,rotten_tomatoes,0.7128772857998099,0.8930804726800748
base,mnli+qnli+qqp+record+anli_r1+paws+imdb,7,multirc,0.6719232902729085,0.8760315060083356
base,mnli+qnli+qqp+record+anli_r1+paws+imdb,7,copa,0.5792408314799624,0.8483264225402048
base,mnli+qnli+qqp+record+anli_r1+paws+imdb,7,piqa,0.6078607024891036,0.8541841115802526
base,mnli+qnli+qqp+record+anli_r1+paws+imdb+hellaswag,8,mrpc,0.6503551261765617,0.8703648059495858
base,mnli+qnli+qqp+record+anli_r1+paws+imdb+hellaswag,8,boolq,0.6744350913379874,0.8763517545802253
base,mnli+qnli+qqp+record+anli_r1+paws+imdb+hellaswag,8,rte,0.7127038730042321,0.8952874562570027
base,mnli+qnli+qqp+record+anli_r1+paws+imdb+hellaswag,8,cola,0.6261292431902673,0.8607758903609855
base,mnli+qnli+qqp+record+anli_r1+paws+imdb+hellaswag,8,cb,0.7026937093053546,0.8968142159283161
base,mnli+qnli+qqp+record+anli_r1+paws+imdb+hellaswag,8,scitail,0.7257175251309361,0.8919983495559011
base,mnli+qnli+qqp+record+anli_r1+paws+imdb+hellaswag,8,stsb,0.5706914762434151,0.847867159971169
base,mnli+qnli+qqp+record+anli_r1+paws+imdb+hellaswag,8,cr,0.6953136535095317,0.8879384930644717
base,mnli+qnli+qqp+record+anli_r1+paws+imdb+hellaswag,8,rotten_tomatoes,0.7138035912066698,0.8929735493979284
base,mnli+qnli+qqp+record+anli_r1+paws+imdb+hellaswag,8,multirc,0.673543949611485,0.8760914137320859
base,mnli+qnli+qqp+record+anli_r1+paws+imdb+hellaswag,8,copa,0.5867839122989348,0.8507457883762461
base,mnli+qnli+qqp+record+anli_r1+paws+imdb+hellaswag,8,piqa,0.6472852151574833,0.8679867070168257
base,mnli+qnli+qqp+record+anli_r1+paws+imdb+hellaswag+winogrande,9,mrpc,0.6518395295632737,0.870403526616948
base,mnli+qnli+qqp+record+anli_r1+paws+imdb+hellaswag+winogrande,9,boolq,0.6765127687581948,0.8764028248510191
base,mnli+qnli+qqp+record+anli_r1+paws+imdb+hellaswag+winogrande,9,rte,0.7130376116505691,0.8950513649199691
base,mnli+qnli+qqp+record+anli_r1+paws+imdb+hellaswag+winogrande,9,cola,0.6279080267995596,0.8608649870646852
base,mnli+qnli+qqp+record+anli_r1+paws+imdb+hellaswag+winogrande,9,cb,0.7035889231732914,0.8964837241385665
base,mnli+qnli+qqp+record+anli_r1+paws+imdb+hellaswag+winogrande,9,scitail,0.7257196669067655,0.8918034061789513
base,mnli+qnli+qqp+record+anli_r1+paws+imdb+hellaswag+winogrande,9,stsb,0.572664906270802,0.8478914712156568
base,mnli+qnli+qqp+record+anli_r1+paws+imdb+hellaswag+winogrande,9,cr,0.6977978962074433,0.8880392158670085
base,mnli+qnli+qqp+record+anli_r1+paws+imdb+hellaswag+winogrande,9,rotten_tomatoes,0.7155627355511699,0.8930360869105373
base,mnli+qnli+qqp+record+anli_r1+paws+imdb+hellaswag+winogrande,9,multirc,0.6752974555960723,0.8760975881346634
base,mnli+qnli+qqp+record+anli_r1+paws+imdb+hellaswag+winogrande,9,copa,0.5960661557369998,0.8532090924148049
base,mnli+qnli+qqp+record+anli_r1+paws+imdb+hellaswag+winogrande,9,piqa,0.6810677091458014,0.8771861589380673
base,mnli+qnli+qqp+record+anli_r1+paws+imdb+squad_v2,8,mrpc,0.6636161349181618,0.8702913070363658
base,mnli+qnli+qqp+record+anli_r1+paws+imdb+squad_v2,8,boolq,0.6900627176676478,0.8755638913384506
base,mnli+qnli+qqp+record+anli_r1+paws+imdb+squad_v2,8,rte,0.7212415569062743,0.8933556835566249
base,mnli+qnli+qqp+record+anli_r1+paws+imdb+squad_v2,8,cola,0.6467461676469871,0.8627916050276586
base,mnli+qnli+qqp+record+anli_r1+paws+imdb+squad_v2,8,cb,0.7123453066285167,0.8942706137895584
base,mnli+qnli+qqp+record+anli_r1+paws+imdb+squad_v2,8,scitail,0.7330215794167348,0.8908722584268877
base,mnli+qnli+qqp+record+anli_r1+paws+imdb+squad_v2,8,stsb,0.5875527480883258,0.8481383478002888
base,mnli+qnli+qqp+record+anli_r1+paws+imdb+squad_v2,8,cr,0.7078006573553596,0.8861311993428639
base,mnli+qnli+qqp+record+anli_r1+paws+imdb+squad_v2,8,rotten_tomatoes,0.7248484311359269,0.8913297022559813
base,mnli+qnli+qqp+record+anli_r1+paws+imdb+squad_v2,8,multirc,0.6935610462512288,0.876459739836199
base,mnli+qnli+qqp+record+anli_r1+paws+imdb+squad_v2,8,copa,0.6058023112959096,0.8501170674072844
base,mnli+qnli+qqp+record+anli_r1+paws+imdb+squad_v2,8,piqa,0.6274954826970186,0.8549351175980908
base,mnli+qnli+qqp+record+anli_r1+paws+imdb+squad_v2+hellaswag,9,mrpc,0.664951428771019,0.8703113352613789
base,mnli+qnli+qqp+record+anli_r1+paws+imdb+squad_v2+hellaswag,9,boolq,0.6908613395478044,0.8755633695317167
base,mnli+qnli+qqp+record+anli_r1+paws+imdb+squad_v2+hellaswag,9,rte,0.7224867123046091,0.8934604600071907
base,mnli+qnli+qqp+record+anli_r1+paws+imdb+squad_v2+hellaswag,9,cola,0.6484973619558981,0.8630296627857855
base,mnli+qnli+qqp+record+anli_r1+paws+imdb+squad_v2+hellaswag,9,cb,0.7143594739692551,0.894508342125586
base,mnli+qnli+qqp+record+anli_r1+paws+imdb+squad_v2+hellaswag,9,scitail,0.7334266680159739,0.8907913089330707
base,mnli+qnli+qqp+record+anli_r1+paws+imdb+squad_v2+hellaswag,9,stsb,0.5906070538663438,0.8484439139387437
base,mnli+qnli+qqp+record+anli_r1+paws+imdb+squad_v2+hellaswag,9,cr,0.708778987239514,0.8861115510974612
base,mnli+qnli+qqp+record+anli_r1+paws+imdb+squad_v2+hellaswag,9,rotten_tomatoes,0.7254791134702308,0.8912476016474622
base,mnli+qnli+qqp+record+anli_r1+paws+imdb+squad_v2+hellaswag,9,multirc,0.6944786717316934,0.8765080400875637
base,mnli+qnli+qqp+record+anli_r1+paws+imdb+squad_v2+hellaswag,9,copa,0.6118065475353173,0.8520995242787259
base,mnli+qnli+qqp+record+anli_r1+paws+imdb+squad_v2+hellaswag,9,piqa,0.6644394254045827,0.8671770734446389
base,mnli+qnli+qqp+record+anli_r1+paws+imdb+squad_v2+hellaswag+winogrande,10,mrpc,0.6652548664382526,0.8703368258263383
base,mnli+qnli+qqp+record+anli_r1+paws+imdb+squad_v2+hellaswag+winogrande,10,boolq,0.6914268311645303,0.8756314029118845
base,mnli+qnli+qqp+record+anli_r1+paws+imdb+squad_v2+hellaswag+winogrande,10,rte,0.7221336394016232,0.893253720764603
base,mnli+qnli+qqp+record+anli_r1+paws+imdb+squad_v2+hellaswag+winogrande,10,cola,0.649161944431918,0.8631509167275259
base,mnli+qnli+qqp+record+anli_r1+paws+imdb+squad_v2+hellaswag+winogrande,10,cb,0.7140529584139585,0.8943338426096099
base,mnli+qnli+qqp+record+anli_r1+paws+imdb+squad_v2+hellaswag+winogrande,10,scitail,0.7331427673676184,0.8906905914523772
base,mnli+qnli+qqp+record+anli_r1+paws+imdb+squad_v2+hellaswag+winogrande,10,stsb,0.5916560954813447,0.8484833067549127
base,mnli+qnli+qqp+record+anli_r1+paws+imdb+squad_v2+hellaswag+winogrande,10,cr,0.7098416542368275,0.8862709099692958
base,mnli+qnli+qqp+record+anli_r1+paws+imdb+squad_v2+hellaswag+winogrande,10,rotten_tomatoes,0.7259589444313731,0.8913291011537824
base,mnli+qnli+qqp+record+anli_r1+paws+imdb+squad_v2+hellaswag+winogrande,10,multirc,0.6945884869034801,0.8765320011547634
base,mnli+qnli+qqp+record+anli_r1+paws+imdb+squad_v2+hellaswag+winogrande,10,copa,0.6180347273392337,0.8541385762925658
base,mnli+qnli+qqp+record+anli_r1+paws+imdb+squad_v2+hellaswag+winogrande,10,piqa,0.6949702511940684,0.8761875520327261
base,mnli+qnli+qqp+record+anli_r1+paws+imdb+squad_v2+winogrande,9,mrpc,0.6644142501588378,0.870302330170359
base,mnli+qnli+qqp+record+anli_r1+paws+imdb+squad_v2+winogrande,9,boolq,0.6910290175250599,0.8756713782038007
base,mnli+qnli+qqp+record+anli_r1+paws+imdb+squad_v2+winogrande,9,rte,0.7211748177983931,0.8932069151529244
base,mnli+qnli+qqp+record+anli_r1+paws+imdb+squad_v2+winogrande,9,cola,0.6479835640639067,0.8629006889781782
base,mnli+qnli+qqp+record+anli_r1+paws+imdb+squad_v2+winogrande,9,cb,0.7124837200556483,0.894153293222189
base,mnli+qnli+qqp+record+anli_r1+paws+imdb+squad_v2+winogrande,9,scitail,0.7330052554607391,0.8907981432442155
base,mnli+qnli+qqp+record+anli_r1+paws+imdb+squad_v2+winogrande,9,stsb,0.5894116342865995,0.848281292244792
base,mnli+qnli+qqp+record+anli_r1+paws+imdb+squad_v2+winogrande,9,cr,0.7093008674149003,0.8862579826797757
base,mnli+qnli+qqp+record+anli_r1+paws+imdb+squad_v2+winogrande,9,rotten_tomatoes,0.7258193248084613,0.8914100107337747
base,mnli+qnli+qqp+record+anli_r1+paws+imdb+squad_v2+winogrande,9,multirc,0.6939903034695557,0.8764743818236249
base,mnli+qnli+qqp+record+anli_r1+paws+imdb+squad_v2+winogrande,9,copa,0.61341264631067,0.852512852954013
base,mnli+qnli+qqp+record+anli_r1+paws+imdb+squad_v2+winogrande,9,piqa,0.6796233842947653,0.8708226848393679
base,mnli+qnli+qqp+record+anli_r1+paws+imdb+winogrande,8,mrpc,0.6503803024866751,0.8703469671308994
base,mnli+qnli+qqp+record+anli_r1+paws+imdb+winogrande,8,boolq,0.6760651945535626,0.8764405827969313
base,mnli+qnli+qqp+record+anli_r1+paws+imdb+winogrande,8,rte,0.7114749846181699,0.894990546894925
base,mnli+qnli+qqp+record+anli_r1+paws+imdb+winogrande,8,cola,0.6258862263389996,0.8606275194989783
base,mnli+qnli+qqp+record+anli_r1+paws+imdb+winogrande,8,cb,0.7011190660830054,0.8963794181389468
base,mnli+qnli+qqp+record+anli_r1+paws+imdb+winogrande,8,scitail,0.7253190164587328,0.891961898122515
base,mnli+qnli+qqp+record+anli_r1+paws+imdb+winogrande,8,stsb,0.5697861683022764,0.8476330278707402
base,mnli+qnli+qqp+record+anli_r1+paws+imdb+winogrande,8,cr,0.6967240341805986,0.8880960824234145
base,mnli+qnli+qqp+record+anli_r1+paws+imdb+winogrande,8,rotten_tomatoes,0.7151147217622825,0.8931544508252826
base,mnli+qnli+qqp+record+anli_r1+paws+imdb+winogrande,8,multirc,0.6745620074548891,0.8760657416922706
base,mnli+qnli+qqp+record+anli_r1+paws+imdb+winogrande,8,copa,0.5897742214479617,0.8513704604868378
base,mnli+qnli+qqp+record+anli_r1+paws+imdb+winogrande,8,piqa,0.6637346379991088,0.8714406354618924
base,mnli+qnli+qqp+record+anli_r1+paws+squad_v2,7,mrpc,0.6604590485138553,0.8692527099379471
base,mnli+qnli+qqp+record+anli_r1+paws+squad_v2,7,boolq,0.6889541955398661,0.8752988286848579
base,mnli+qnli+qqp+record+anli_r1+paws+squad_v2,7,rte,0.7179303507187537,0.8921921157411167
base,mnli+qnli+qqp+record+anli_r1+paws+squad_v2,7,cola,0.6434820786650691,0.8617006194378648
base,mnli+qnli+qqp+record+anli_r1+paws+squad_v2,7,cb,0.7051904438329595,0.8919952863029071
base,mnli+qnli+qqp+record+anli_r1+paws+squad_v2,7,scitail,0.7321092318743467,0.8906043440635715
base,mnli+qnli+qqp+record+anli_r1+paws+squad_v2,7,stsb,0.5871950071305037,0.8480670233922345
base,mnli+qnli+qqp+record+anli_r1+paws+squad_v2,7,cr,0.6394125849806837,0.8607101203607661
base,mnli+qnli+qqp+record+anli_r1+paws+squad_v2,7,rotten_tomatoes,0.636133275660021,0.8585943217788424
base,mnli+qnli+qqp+record+anli_r1+paws+squad_v2,7,multirc,0.693633229338697,0.8764428940734693
base,mnli+qnli+qqp+record+anli_r1+paws+squad_v2,7,copa,0.6033994220197201,0.8493820657687527
base,mnli+qnli+qqp+record+anli_r1+paws+squad_v2,7,piqa,0.6271849852055311,0.8549067649458136
base,mnli+qnli+qqp+record+anli_r1+paws+squad_v2+hellaswag,8,mrpc,0.6619725732931069,0.8692611487848418
base,mnli+qnli+qqp+record+anli_r1+paws+squad_v2+hellaswag,8,boolq,0.6898926810494491,0.8753129619040659
base,mnli+qnli+qqp+record+anli_r1+paws+squad_v2+hellaswag,8,rte,0.719447507123862,0.8923255029533591
base,mnli+qnli+qqp+record+anli_r1+paws+squad_v2+hellaswag,8,cola,0.6453684544456857,0.8619396298059395
base,mnli+qnli+qqp+record+anli_r1+paws+squad_v2+hellaswag,8,cb,0.7076446020177433,0.8922978623637131
base,mnli+qnli+qqp+record+anli_r1+paws+squad_v2+hellaswag,8,scitail,0.7324041024382625,0.8905245408947978
base,mnli+qnli+qqp+record+anli_r1+paws+squad_v2+hellaswag,8,stsb,0.5903033894885864,0.8483293059148959
base,mnli+qnli+qqp+record+anli_r1+paws+squad_v2+hellaswag,8,cr,0.6411163023273859,0.8609189417745385
base,mnli+qnli+qqp+record+anli_r1+paws+squad_v2+hellaswag,8,rotten_tomatoes,0.637467673048377,0.8587001705808299
base,mnli+qnli+qqp+record+anli_r1+paws+squad_v2+hellaswag,8,multirc,0.6946240823183741,0.8764825878398759
base,mnli+qnli+qqp+record+anli_r1+paws+squad_v2+hellaswag,8,copa,0.6093219891190529,0.8513068705797195
base,mnli+qnli+qqp+record+anli_r1+paws+squad_v2+hellaswag,8,piqa,0.6644296932167241,0.8671891668013164
base,mnli+qnli+qqp+record+anli_r1+paws+squad_v2+hellaswag+winogrande,9,mrpc,0.6625823101827076,0.8693450944764274
base,mnli+qnli+qqp+record+anli_r1+paws+squad_v2+hellaswag+winogrande,9,boolq,0.6907066503273589,0.8754074876861913
base,mnli+qnli+qqp+record+anli_r1+paws+squad_v2+hellaswag+winogrande,9,rte,0.7191926238260099,0.8921459061758858
base,mnli+qnli+qqp+record+anli_r1+paws+squad_v2+hellaswag+winogrande,9,cola,0.646139628120831,0.8621279536081212
base,mnli+qnli+qqp+record+anli_r1+paws+squad_v2+hellaswag+winogrande,9,cb,0.707556635673557,0.8921658364789826
base,mnli+qnli+qqp+record+anli_r1+paws+squad_v2+hellaswag+winogrande,9,scitail,0.7321530128163951,0.8904492841767413
base,mnli+qnli+qqp+record+anli_r1+paws+squad_v2+hellaswag+winogrande,9,stsb,0.5913425628095865,0.848468495000686
base,mnli+qnli+qqp+record+anli_r1+paws+squad_v2+hellaswag+winogrande,9,cr,0.6434490905542459,0.8613651001027652
base,mnli+qnli+qqp+record+anli_r1+paws+squad_v2+hellaswag+winogrande,9,rotten_tomatoes,0.6394777427028332,0.8590826546507222
base,mnli+qnli+qqp+record+anli_r1+paws+squad_v2+hellaswag+winogrande,9,multirc,0.6947886762874467,0.8765176542635474
base,mnli+qnli+qqp+record+anli_r1+paws+squad_v2+hellaswag+winogrande,9,copa,0.615841833342399,0.8534187661217791
base,mnli+qnli+qqp+record+anli_r1+paws+squad_v2+hellaswag+winogrande,9,piqa,0.6952418158096927,0.8762035891413689
base,mnli+qnli+qqp+record+anli_r1+paws+squad_v2+winogrande,8,mrpc,0.6615720992641789,0.8692320345767907
base,mnli+qnli+qqp+record+anli_r1+paws+squad_v2+winogrande,8,boolq,0.6901295475129571,0.8754521491272109
base,mnli+qnli+qqp+record+anli_r1+paws+squad_v2+winogrande,8,rte,0.7180839907377958,0.8920437922435147
base,mnli+qnli+qqp+record+anli_r1+paws+squad_v2+winogrande,8,cola,0.6447728369385004,0.8618836232594081
base,mnli+qnli+qqp+record+anli_r1+paws+squad_v2+winogrande,8,cb,0.7055978197604418,0.891905135342053
base,mnli+qnli+qqp+record+anli_r1+paws+squad_v2+winogrande,8,scitail,0.7320493435753244,0.8905437088438443
base,mnli+qnli+qqp+record+anli_r1+paws+squad_v2+winogrande,8,stsb,0.589028206653893,0.8482369873672724
base,mnli+qnli+qqp+record+anli_r1+paws+squad_v2+winogrande,8,cr,0.6420833896845579,0.861123717523047
base,mnli+qnli+qqp+record+anli_r1+paws+squad_v2+winogrande,8,rotten_tomatoes,0.6385562941431999,0.8590082068528447
base,mnli+qnli+qqp+record+anli_r1+paws+squad_v2+winogrande,8,multirc,0.6941019937928233,0.8764867106718677
base,mnli+qnli+qqp+record+anli_r1+paws+squad_v2+winogrande,8,copa,0.6112690791487694,0.8518459788922753
base,mnli+qnli+qqp+record+anli_r1+paws+squad_v2+winogrande,8,piqa,0.6797673622412341,0.8708344969366278
base,mnli+qnli+qqp+record+anli_r1+paws+winogrande,7,mrpc,0.6464386494564158,0.8692056706973484
base,mnli+qnli+qqp+record+anli_r1+paws+winogrande,7,boolq,0.6734279677537935,0.8762412355946643
base,mnli+qnli+qqp+record+anli_r1+paws+winogrande,7,rte,0.7075204364955425,0.8938954382070473
base,mnli+qnli+qqp+record+anli_r1+paws+winogrande,7,cola,0.6215105960810823,0.859512521220105
base,mnli+qnli+qqp+record+anli_r1+paws+winogrande,7,cb,0.6920206647898469,0.8941795389567103
base,mnli+qnli+qqp+record+anli_r1+paws+winogrande,7,scitail,0.7239652491573777,0.8916990679821798
base,mnli+qnli+qqp+record+anli_r1+paws+winogrande,7,stsb,0.568733698023217,0.8475447943700212
base,mnli+qnli+qqp+record+anli_r1+paws+winogrande,7,cr,0.6236663027001279,0.8605308881295579
base,mnli+qnli+qqp+record+anli_r1+paws+winogrande,7,rotten_tomatoes,0.6220762283940401,0.8585110141762665
base,mnli+qnli+qqp+record+anli_r1+paws+winogrande,7,multirc,0.6730495035382253,0.8760663012840918
base,mnli+qnli+qqp+record+anli_r1+paws+winogrande,7,copa,0.5849948706371444,0.8504188683416162
base,mnli+qnli+qqp+record+anli_r1+paws+winogrande,7,piqa,0.6629275865187603,0.8714917874229806
base,mnli+qnli+qqp+record+anli_r1+squad_v2,6,mrpc,0.6597077056233372,0.8686130382120609
base,mnli+qnli+qqp+record+anli_r1+squad_v2,6,boolq,0.6340964315459132,0.8586870059370995
base,mnli+qnli+qqp+record+anli_r1+squad_v2,6,rte,0.718471573399646,0.892030228461538
base,mnli+qnli+qqp+record+anli_r1+squad_v2,6,cola,0.6432455469455037,0.8612778931856155
base,mnli+qnli+qqp+record+anli_r1+squad_v2,6,cb,0.7073495518416166,0.8924706764519215
base,mnli+qnli+qqp+record+anli_r1+squad_v2,6,scitail,0.7322670122874635,0.8904405547572034
base,mnli+qnli+qqp+record+anli_r1+squad_v2,6,stsb,0.5871139046336923,0.8477359895727464
base,mnli+qnli+qqp+record+anli_r1+squad_v2,6,cr,0.6392152072595698,0.8603867742099932
base,mnli+qnli+qqp+record+anli_r1+squad_v2,6,rotten_tomatoes,0.6354915600802217,0.8583293299057654
base,mnli+qnli+qqp+record+anli_r1+squad_v2,6,multirc,0.6467346026163016,0.8617183198886258
base,mnli+qnli+qqp+record+anli_r1+squad_v2,6,copa,0.6033778161342654,0.8489042603011642
base,mnli+qnli+qqp+record+anli_r1+squad_v2,6,piqa,0.6265764561082635,0.85445665035929
base,mnli+qnli+qqp+record+anli_r1+squad_v2+hellaswag,7,mrpc,0.6614554420645747,0.8687377566737788
base,mnli+qnli+qqp+record+anli_r1+squad_v2+hellaswag,7,boolq,0.6358594548489366,0.8588338433099645
base,mnli+qnli+qqp+record+anli_r1+squad_v2+hellaswag,7,rte,0.7201494084937232,0.8921463835452285
base,mnli+qnli+qqp+record+anli_r1+squad_v2+hellaswag,7,cola,0.6452986334583589,0.8615485057234764
base,mnli+qnli+qqp+record+anli_r1+squad_v2+hellaswag,7,cb,0.7099204151225942,0.8927901701203415
base,mnli+qnli+qqp+record+anli_r1+squad_v2+hellaswag,7,scitail,0.7327435120408025,0.890349985233375
base,mnli+qnli+qqp+record+anli_r1+squad_v2+hellaswag,7,stsb,0.5902222280523607,0.8480434335236039
base,mnli+qnli+qqp+record+anli_r1+squad_v2+hellaswag,7,cr,0.6412129080189126,0.8606233450451067
base,mnli+qnli+qqp+record+anli_r1+squad_v2+hellaswag,7,rotten_tomatoes,0.6369387607223221,0.8584604689053127
base,mnli+qnli+qqp+record+anli_r1+squad_v2+hellaswag,7,multirc,0.6484397891908884,0.8619266471692494
base,mnli+qnli+qqp+record+anli_r1+squad_v2+hellaswag,7,copa,0.6096655731754643,0.8511362190225294
base,mnli+qnli+qqp+record+anli_r1+squad_v2+hellaswag,7,piqa,0.6648347270009773,0.8670036696961948
base,mnli+qnli+qqp+record+anli_r1+squad_v2+hellaswag+winogrande,8,mrpc,0.6622068355126041,0.8688704408705235
base,mnli+qnli+qqp+record+anli_r1+squad_v2+hellaswag+winogrande,8,boolq,0.6376449262191143,0.8590934787477765
base,mnli+qnli+qqp+record+anli_r1+squad_v2+hellaswag+winogrande,8,rte,0.7199439999780485,0.8919996342488697
base,mnli+qnli+qqp+record+anli_r1+squad_v2+hellaswag+winogrande,8,cola,0.6461539263171809,0.8617946175592286
base,mnli+qnli+qqp+record+anli_r1+squad_v2+hellaswag+winogrande,8,cb,0.7098281827888319,0.8926614411175251
base,mnli+qnli+qqp+record+anli_r1+squad_v2+hellaswag+winogrande,8,scitail,0.7325538479323898,0.890294447807329
base,mnli+qnli+qqp+record+anli_r1+squad_v2+hellaswag+winogrande,8,stsb,0.5916009367044482,0.8481978468064751
base,mnli+qnli+qqp+record+anli_r1+squad_v2+hellaswag+winogrande,8,cr,0.6435964901798538,0.8610748254827091
base,mnli+qnli+qqp+record+anli_r1+squad_v2+hellaswag+winogrande,8,rotten_tomatoes,0.6391486401802727,0.8588871343859604
base,mnli+qnli+qqp+record+anli_r1+squad_v2+hellaswag+winogrande,8,multirc,0.6491636746962156,0.862117651583893
base,mnli+qnli+qqp+record+anli_r1+squad_v2+hellaswag+winogrande,8,copa,0.6163026607994523,0.8533837329596281
base,mnli+qnli+qqp+record+anli_r1+squad_v2+hellaswag+winogrande,8,piqa,0.6959225213421243,0.8760775889136961
base,mnli+qnli+qqp+record+anli_r1+squad_v2+winogrande,7,mrpc,0.6610094636146512,0.8686747295515878
base,mnli+qnli+qqp+record+anli_r1+squad_v2+winogrande,7,boolq,0.6365402464621833,0.8590243791363069
base,mnli+qnli+qqp+record+anli_r1+squad_v2+winogrande,7,rte,0.7185938850577388,0.8918775410524437
base,mnli+qnli+qqp+record+anli_r1+squad_v2+winogrande,7,cola,0.6447437283183847,0.8614682640348162
base,mnli+qnli+qqp+record+anli_r1+squad_v2+winogrande,7,cb,0.7075914860303912,0.892385970801115
base,mnli+qnli+qqp+record+anli_r1+squad_v2+winogrande,7,scitail,0.7322685409869466,0.8903846120727914
base,mnli+qnli+qqp+record+anli_r1+squad_v2+winogrande,7,stsb,0.5891510076554758,0.8479175064712763
base,mnli+qnli+qqp+record+anli_r1+squad_v2+winogrande,7,cr,0.6419764789087432,0.8608953420604978
base,mnli+qnli+qqp+record+anli_r1+squad_v2+winogrande,7,rotten_tomatoes,0.6381137456212725,0.8588174302130938
base,mnli+qnli+qqp+record+anli_r1+squad_v2+winogrande,7,multirc,0.6480742126171078,0.8619426169565746
base,mnli+qnli+qqp+record+anli_r1+squad_v2+winogrande,7,copa,0.6113302441579955,0.8515525018530232
base,mnli+qnli+qqp+record+anli_r1+squad_v2+winogrande,7,piqa,0.680027645613466,0.8706115859427622
base,mnli+qnli+qqp+record+anli_r1+winogrande,6,mrpc,0.6449946380619492,0.8686414345034531
base,mnli+qnli+qqp+record+anli_r1+winogrande,6,boolq,0.6185325537143009,0.858438564730542
base,mnli+qnli+qqp+record+anli_r1+winogrande,6,rte,0.7072543898331267,0.8937689028680325
base,mnli+qnli+qqp+record+anli_r1+winogrande,6,cola,0.6205553703808359,0.8590801038912365
base,mnli+qnli+qqp+record+anli_r1+winogrande,6,cb,0.6940262730100325,0.8947786310953754
base,mnli+qnli+qqp+record+anli_r1+winogrande,6,scitail,0.723940330424479,0.8915397554103818
base,mnli+qnli+qqp+record+anli_r1+winogrande,6,stsb,0.5680530725845269,0.8472799733281136
base,mnli+qnli+qqp+record+anli_r1+winogrande,6,cr,0.6229329440476639,0.86023031228355
base,mnli+qnli+qqp+record+anli_r1+winogrande,6,rotten_tomatoes,0.6209208673265364,0.8581676767872912
base,mnli+qnli+qqp+record+anli_r1+winogrande,6,multirc,0.6280950562629316,0.8604819583041328
base,mnli+qnli+qqp+record+anli_r1+winogrande,6,copa,0.5844094228398587,0.8501395263842174
base,mnli+qnli+qqp+record+anli_r1+winogrande,6,piqa,0.6627303779657397,0.8712444638035127
base,mnli+qnli+qqp+record+hellaswag,5,mrpc,0.6420603535537209,0.867127072598253
base,mnli+qnli+qqp+record+hellaswag,5,boolq,0.6189505037452493,0.8580658898821899
base,mnli+qnli+qqp+record+hellaswag,5,rte,0.6985321207238095,0.8899968415498734
base,mnli+qnli+qqp+record+hellaswag,5,cola,0.6199930406042508,0.8582902031817606
base,mnli+qnli+qqp+record+hellaswag,5,cb,0.6628377019826855,0.8817893099039793
base,mnli+qnli+qqp+record+hellaswag,5,scitail,0.7165772007512194,0.8887749974216733
base,mnli+qnli+qqp+record+hellaswag,5,stsb,0.5717085309193602,0.8472752666899136
base,mnli+qnli+qqp+record+hellaswag,5,cr,0.618159801566175,0.8582818332527365
base,mnli+qnli+qqp+record+hellaswag,5,rotten_tomatoes,0.6184665363148919,0.8569541443139315
base,mnli+qnli+qqp+record+hellaswag,5,multirc,0.6301970032176801,0.860337272020323
base,mnli+qnli+qqp+record+hellaswag,5,copa,0.5830680361416724,0.849099000915885
base,mnli+qnli+qqp+record+hellaswag,5,piqa,0.6509983202974711,0.867782611399889
base,mnli+qnli+qqp+record+hellaswag+winogrande,6,mrpc,0.64388930318611,0.8672542098377433
base,mnli+qnli+qqp+record+hellaswag+winogrande,6,boolq,0.6215968421394271,0.8582299998296159
base,mnli+qnli+qqp+record+hellaswag+winogrande,6,rte,0.6991237205054078,0.889803774122681
base,mnli+qnli+qqp+record+hellaswag+winogrande,6,cola,0.6219864748418331,0.8585793916136026
base,mnli+qnli+qqp+record+hellaswag+winogrande,6,cb,0.6645353516297681,0.8817067287330117
base,mnli+qnli+qqp+record+hellaswag+winogrande,6,scitail,0.7167788983455726,0.8886100040482623
base,mnli+qnli+qqp+record+hellaswag+winogrande,6,stsb,0.5734911793842912,0.8473676765071494
base,mnli+qnli+qqp+record+hellaswag+winogrande,6,cr,0.6221686143960271,0.8589485162603003
base,mnli+qnli+qqp+record+hellaswag+winogrande,6,rotten_tomatoes,0.6219952881469258,0.8574708678892681
base,mnli+qnli+qqp+record+hellaswag+winogrande,6,multirc,0.6317972165000226,0.8604676060910735
base,mnli+qnli+qqp+record+hellaswag+winogrande,6,copa,0.5925171090556043,0.8518828422363315
base,mnli+qnli+qqp+record+hellaswag+winogrande,6,piqa,0.6828368506394327,0.8771173773067338
base,mnli+qnli+qqp+record+imdb,5,mrpc,0.6444588072065797,0.8682277106813022
base,mnli+qnli+qqp+record+imdb,5,boolq,0.6193703375756741,0.8583729386861835
base,mnli+qnli+qqp+record+imdb,5,rte,0.7010217375521149,0.8912523974265371
base,mnli+qnli+qqp+record+imdb,5,cola,0.6226039131038955,0.8593892529606819
base,mnli+qnli+qqp+record+imdb,5,cb,0.6697946967823165,0.8843131501759801
base,mnli+qnli+qqp+record+imdb,5,scitail,0.7175786841128554,0.8892797628151519
base,mnli+qnli+qqp+record+imdb,5,stsb,0.568356961610594,0.8469975212854999
base,mnli+qnli+qqp+record+imdb,5,cr,0.6940812062072966,0.8874707057007721
base,mnli+qnli+qqp+record+imdb,5,rotten_tomatoes,0.7153721167040723,0.893154937773943
base,mnli+qnli+qqp+record+imdb,5,multirc,0.6287506955143597,0.8601910881698132
base,mnli+qnli+qqp+record+imdb,5,copa,0.579152532587094,0.8474975904183728
base,mnli+qnli+qqp+record+imdb,5,piqa,0.6085580048550453,0.8535252655191081
base,mnli+qnli+qqp+record+imdb+hellaswag,6,mrpc,0.6470134875604084,0.8684804444866521
base,mnli+qnli+qqp+record+imdb+hellaswag,6,boolq,0.6219457577514861,0.858594768547586
base,mnli+qnli+qqp+record+imdb+hellaswag,6,rte,0.7036762769733157,0.8914300948381424
base,mnli+qnli+qqp+record+imdb+hellaswag,6,cola,0.625334025626736,0.8597384300082922
base,mnli+qnli+qqp+record+imdb+hellaswag,6,cb,0.6740484868309328,0.884908394089767
base,mnli+qnli+qqp+record+imdb+hellaswag,6,scitail,0.7184020546930177,0.8891396871102708
base,mnli+qnli+qqp+record+imdb+hellaswag,6,stsb,0.572725759752627,0.8473822264266866
base,mnli+qnli+qqp+record+imdb+hellaswag,6,cr,0.6960223111590105,0.8874582541840417
base,mnli+qnli+qqp+record+imdb+hellaswag,6,rotten_tomatoes,0.7164370043735419,0.8930351848581007
base,mnli+qnli+qqp+record+imdb+hellaswag,6,multirc,0.6313313708773681,0.8604579674346107
base,mnli+qnli+qqp+record+imdb+hellaswag,6,copa,0.5882771540699261,0.8503843285143375
base,mnli+qnli+qqp+record+imdb+hellaswag,6,piqa,0.6513978427808199,0.8677829597145319
base,mnli+qnli+qqp+record+imdb+hellaswag+winogrande,7,mrpc,0.6484974973968097,0.8685691106532302
base,mnli+qnli+qqp+record+imdb+hellaswag+winogrande,7,boolq,0.6242286560923925,0.8587447673614536
base,mnli+qnli+qqp+record+imdb+hellaswag+winogrande,7,rte,0.7044954613915512,0.8911875316074916
base,mnli+qnli+qqp+record+imdb+hellaswag+winogrande,7,cola,0.6268739629137728,0.8599025657666581
base,mnli+qnli+qqp+record+imdb+hellaswag+winogrande,7,cb,0.6750750565635306,0.884735240467957
base,mnli+qnli+qqp+record+imdb+hellaswag+winogrande,7,scitail,0.7186164347720998,0.8889836716864791
base,mnli+qnli+qqp+record+imdb+hellaswag+winogrande,7,stsb,0.5743991142537977,0.8474535114531007
base,mnli+qnli+qqp+record+imdb+hellaswag+winogrande,7,cr,0.6977049546050174,0.8875939265957901
base,mnli+qnli+qqp+record+imdb+hellaswag+winogrande,7,rotten_tomatoes,0.7175137759851558,0.8930931072682142
base,mnli+qnli+qqp+record+imdb+hellaswag+winogrande,7,multirc,0.632727046297597,0.8606320566364697
base,mnli+qnli+qqp+record+imdb+hellaswag+winogrande,7,copa,0.5969063971590783,0.8528773028935704
base,mnli+qnli+qqp+record+imdb+hellaswag+winogrande,7,piqa,0.6830104576822903,0.8770995241190706
base,mnli+qnli+qqp+record+imdb+squad_v2,6,mrpc,0.6608811451920441,0.8683457736458097
base,mnli+qnli+qqp+record+imdb+squad_v2,6,boolq,0.6381225745592799,0.858967788251383
base,mnli+qnli+qqp+record+imdb+squad_v2,6,rte,0.713057743119342,0.8892359840018409
base,mnli+qnli+qqp+record+imdb+squad_v2,6,cola,0.6471887236194951,0.8617138697632721
base,mnli+qnli+qqp+record+imdb+squad_v2,6,cb,0.6856993686939988,0.8820968669440065
base,mnli+qnli+qqp+record+imdb+squad_v2,6,scitail,0.7268924431077072,0.8879755644926003
base,mnli+qnli+qqp+record+imdb+squad_v2,6,stsb,0.5903007727382439,0.8476506370518889
base,mnli+qnli+qqp+record+imdb+squad_v2,6,cr,0.7099428650523935,0.8854592916156564
base,mnli+qnli+qqp+record+imdb+squad_v2,6,rotten_tomatoes,0.7287246390644994,0.8913071706358876
base,mnli+qnli+qqp+record+imdb+squad_v2,6,multirc,0.6495896786717432,0.8617159833333322
base,mnli+qnli+qqp+record+imdb+squad_v2,6,copa,0.6078306013452155,0.8494065946766308
base,mnli+qnli+qqp+record+imdb+squad_v2,6,piqa,0.6293902177629727,0.8544475582561323
base,mnli+qnli+qqp+record+imdb+squad_v2+hellaswag,7,mrpc,0.6625441078628812,0.8684879057109356
base,mnli+qnli+qqp+record+imdb+squad_v2+hellaswag,7,boolq,0.6397268011101654,0.8590606163655009
base,mnli+qnli+qqp+record+imdb+squad_v2+hellaswag,7,rte,0.7148881174091782,0.8894567457692963
base,mnli+qnli+qqp+record+imdb+squad_v2+hellaswag,7,cola,0.6489729444895472,0.8620349363024745
base,mnli+qnli+qqp+record+imdb+squad_v2+hellaswag,7,cb,0.6887716156031404,0.8826588041016034
base,mnli+qnli+qqp+record+imdb+squad_v2+hellaswag,7,scitail,0.7273895713899817,0.8879098878907306
base,mnli+qnli+qqp+record+imdb+squad_v2+hellaswag,7,stsb,0.5933443649805018,0.8479402105190924
base,mnli+qnli+qqp+record+imdb+squad_v2+hellaswag,7,cr,0.7110418270209006,0.8854677187544959
base,mnli+qnli+qqp+record+imdb+squad_v2+hellaswag,7,rotten_tomatoes,0.7292350200670106,0.8912363419575351
base,mnli+qnli+qqp+record+imdb+squad_v2+hellaswag,7,multirc,0.6512332816741296,0.8618763863508191
base,mnli+qnli+qqp+record+imdb+squad_v2+hellaswag,7,copa,0.6141292851950441,0.8516503489975419
base,mnli+qnli+qqp+record+imdb+squad_v2+hellaswag,7,piqa,0.6673932479960578,0.8669509813189507
base,mnli+qnli+qqp+record+imdb+squad_v2+hellaswag+winogrande,8,mrpc,0.6632533658828054,0.8685868643224239
base,mnli+qnli+qqp+record+imdb+squad_v2+hellaswag+winogrande,8,boolq,0.6411478883985963,0.8592378558324916
base,mnli+qnli+qqp+record+imdb+squad_v2+hellaswag+winogrande,8,rte,0.7146572800619262,0.889342874288559
base,mnli+qnli+qqp+record+imdb+squad_v2+hellaswag+winogrande,8,cola,0.6497536634228059,0.8621820698359183
base,mnli+qnli+qqp+record+imdb+squad_v2+hellaswag+winogrande,8,cb,0.689004432942186,0.8826265803405217
base,mnli+qnli+qqp+record+imdb+squad_v2+hellaswag+winogrande,8,scitail,0.7271795504327331,0.8878626905913863
base,mnli+qnli+qqp+record+imdb+squad_v2+hellaswag+winogrande,8,stsb,0.5944840974573579,0.8480072359421423
base,mnli+qnli+qqp+record+imdb+squad_v2+hellaswag+winogrande,8,cr,0.7122518774122,0.8856941929885319
base,mnli+qnli+qqp+record+imdb+squad_v2+hellaswag+winogrande,8,rotten_tomatoes,0.7299379115658147,0.8913000154175929
base,mnli+qnli+qqp+record+imdb+squad_v2+hellaswag+winogrande,8,multirc,0.6517923926668507,0.8620135089648622
base,mnli+qnli+qqp+record+imdb+squad_v2+hellaswag+winogrande,8,copa,0.6207012786929097,0.853751664981246
base,mnli+qnli+qqp+record+imdb+squad_v2+hellaswag+winogrande,8,piqa,0.6979089709264892,0.8760487855012927
base,mnli+qnli+qqp+record+imdb+squad_v2+winogrande,7,mrpc,0.6620870647685868,0.8684716410934925
base,mnli+qnli+qqp+record+imdb+squad_v2+winogrande,7,boolq,0.6401866010523268,0.8591935895383358
base,mnli+qnli+qqp+record+imdb+squad_v2+winogrande,7,rte,0.7132792534040553,0.8891528168959277
base,mnli+qnli+qqp+record+imdb+squad_v2+winogrande,7,cola,0.6485095314149346,0.8618880052651677
base,mnli+qnli+qqp+record+imdb+squad_v2+winogrande,7,cb,0.6863597857632807,0.8821282418710845
base,mnli+qnli+qqp+record+imdb+squad_v2+winogrande,7,scitail,0.7269583003861564,0.8879269869732005
base,mnli+qnli+qqp+record+imdb+squad_v2+winogrande,7,stsb,0.5922010583536965,0.8477794857961791
base,mnli+qnli+qqp+record+imdb+squad_v2+winogrande,7,cr,0.7115080282092094,0.8856987053794521
base,mnli+qnli+qqp+record+imdb+squad_v2+winogrande,7,rotten_tomatoes,0.7297213058918715,0.8914057455424752
base,mnli+qnli+qqp+record+imdb+squad_v2+winogrande,7,multirc,0.6507256279832551,0.8618773022400481
base,mnli+qnli+qqp+record+imdb+squad_v2+winogrande,7,copa,0.6158673537096807,0.8519256460879531
base,mnli+qnli+qqp+record+imdb+squad_v2+winogrande,7,piqa,0.6822363226009267,0.8705541164215121
base,mnli+qnli+qqp+record+imdb+winogrande,6,mrpc,0.6465083996632269,0.8683976264936584
base,mnli+qnli+qqp+record+imdb+winogrande,6,boolq,0.622737522569618,0.8586148138024977
base,mnli+qnli+qqp+record+imdb+winogrande,6,rte,0.7019713771130357,0.8910383523574897
base,mnli+qnli+qqp+record+imdb+winogrande,6,cola,0.6249312361303184,0.8596141146762031
base,mnli+qnli+qqp+record+imdb+winogrande,6,cb,0.6712831963918039,0.8841922437506062
base,mnli+qnli+qqp+record+imdb+winogrande,6,scitail,0.7180626086358514,0.8891407719680241
base,mnli+qnli+qqp+record+imdb+winogrande,6,stsb,0.5714688223919698,0.8472288945423705
base,mnli+qnli+qqp+record+imdb+winogrande,6,cr,0.6964259506868464,0.8876518910484654
base,mnli+qnli+qqp+record+imdb+winogrande,6,rotten_tomatoes,0.7169777447623866,0.8932019706283297
base,mnli+qnli+qqp+record+imdb+winogrande,6,multirc,0.6310074561541634,0.8604078886232206
base,mnli+qnli+qqp+record+imdb+winogrande,6,copa,0.5901632625609636,0.8507861542914595
base,mnli+qnli+qqp+record+imdb+winogrande,6,piqa,0.6653796673885414,0.8712488434144429
