method,combo,n_tasks,target,best_coef,best_acc,nai
lora,mnli+qnli,2,mrpc,0.6000000000000001,0.7622549019607843,0.9335347432024169
lora,mnli+qnli,2,boolq,0.2,0.42568807339449544,0.09197939661515825
lora,mnli+qnli,2,rte,0.45,0.7509025270758123,0.9927536231884059
lora,mnli+qnli,2,cola,0.55,0.6903163950143816,0.18620689655172376
lora,mnli+qnli+qqp,3,mrpc,0.45,0.7034313725490197,0.8610271903323263
lora,mnli+qnli+qqp,3,boolq,0.05,0.3636085626911315,-0.05739514348785873
lora,mnli+qnli+qqp,3,rte,0.65,0.7220216606498195,0.9347826086956523
lora,mnli+qnli+qqp,3,cola,0.4,0.6864813039309684,0.15862068965517243
lora,mnli+qnli+qqp+record,4,mrpc,0.30000000000000004,0.7034313725490197,0.8610271903323263
lora,mnli+qnli+qqp+record,4,boolq,0.05,0.3669724770642202,-0.04930095658572479
lora,mnli+qnli+qqp+record,4,rte,0.5,0.7003610108303249,0.8913043478260869
lora,mnli+qnli+qqp+record,4,cola,0.35000000000000003,0.6836049856184084,0.1379310344827583
lora,mnli+qnli+qqp+sst2,4,mrpc,0.45,0.7083333333333334,0.867069486404834
lora,mnli+qnli+qqp+sst2,4,boolq,0.05,0.37522935779816513,-0.029433406916850677
lora,mnli+qnli+qqp+sst2,4,rte,0.5,0.7328519855595668,0.9565217391304348
lora,mnli+qnli+qqp+sst2,4,cola,0.30000000000000004,0.6893576222435283,0.17931034482758573
lora,mnli+qnli+qqp+sst2+record,5,mrpc,0.4,0.6911764705882353,0.8459214501510574
lora,mnli+qnli+qqp+sst2+record,5,boolq,0.05,0.3678899082568807,-0.047093451066961056
lora,mnli+qnli+qqp+sst2+record,5,rte,0.4,0.7148014440433214,0.920289855072464
lora,mnli+qnli+qqp+sst2+record,5,cola,0.25,0.6855225311601151,0.1517241379310344
lora,mnli+qnli+record,3,mrpc,0.55,0.7181372549019608,0.879154078549849
lora,mnli+qnli+record,3,boolq,0.15000000000000002,0.47003058103975537,0.19867549668874177
lora,mnli+qnli+record,3,rte,0.35000000000000003,0.6787003610108303,0.8478260869565218
lora,mnli+qnli+record,3,cola,0.45,0.6462128475551294,-0.1310344827586211
lora,mnli+qnli+sst2,3,mrpc,0.65,0.6936274509803921,0.8489425981873112
lora,mnli+qnli+sst2,3,boolq,0.2,0.4400611620795107,0.12656364974245762
lora,mnli+qnli+sst2,3,rte,0.4,0.7148014440433214,0.920289855072464
lora,mnli+qnli+sst2,3,cola,0.4,0.6874400767018217,0.16551724137931045
lora,mnli+qnli+sst2+record,4,mrpc,0.55,0.7058823529411765,0.8640483383685801
lora,mnli+qnli+sst2+record,4,boolq,0.15000000000000002,0.4651376146788991,0.18690213392200147
lora,mnli+qnli+sst2+record,4,rte,0.30000000000000004,0.6714801444043321,0.8333333333333334
lora,mnli+qnli+sst2+record,4,cola,0.25,0.6826462128475551,0.13103448275862029
lora,mnli+qqp,2,mrpc,0.5,0.6715686274509803,0.8217522658610271
lora,mnli+qqp,2,boolq,0.05,0.36666666666666664,-0.050036791758646164
lora,mnli+qqp,2,rte,0.8,0.740072202166065,0.9710144927536232
lora,mnli+qqp,2,cola,0.4,0.6788111217641419,0.10344827586206894
lora,mnli+qqp+record,3,mrpc,0.35000000000000003,0.6519607843137255,0.797583081570997
lora,mnli+qqp+record,3,boolq,0.05,0.3706422018348624,-0.0404709345106696
lora,mnli+qqp+record,3,rte,0.55,0.740072202166065,0.9710144927536232
lora,mnli+qqp+record,3,cola,0.35000000000000003,0.6644295302013423,0.0
lora,mnli+qqp+sst2,3,mrpc,0.5,0.6936274509803921,0.8489425981873112
lora,mnli+qqp+sst2,3,boolq,0.05,0.36666666666666664,-0.050036791758646164
lora,mnli+qqp+sst2,3,rte,0.6000000000000001,0.7545126353790613,1.0
lora,mnli+qqp+sst2,3,cola,0.4,0.6893576222435283,0.17931034482758573
lora,mnli+qqp+sst2+record,4,mrpc,0.45,0.6740196078431373,0.8247734138972811
lora,mnli+qqp+sst2+record,4,boolq,0.05,0.37186544342507644,-0.03752759381898462
lora,mnli+qqp+sst2+record,4,rte,0.45,0.703971119133574,0.8985507246376813
lora,mnli+qqp+sst2+record,4,cola,0.30000000000000004,0.6855225311601151,0.1517241379310344
lora,mnli+record,2,mrpc,0.75,0.7230392156862745,0.8851963746223565
lora,mnli+record,2,boolq,0.30000000000000004,0.45688073394495415,0.16703458425312737
lora,mnli+record,2,rte,0.35000000000000003,0.6064981949458483,0.7028985507246377
lora,mnli+record,2,cola,0.55,0.588686481303931,-0.5448275862068969
lora,mnli+sst2,2,mrpc,0.8,0.7058823529411765,0.8640483383685801
lora,mnli+sst2,2,boolq,0.30000000000000004,0.47155963302752296,0.2023546725533481
lora,mnli+sst2,2,rte,0.45,0.6931407942238267,0.8768115942028986
lora,mnli+sst2,2,cola,0.4,0.6855225311601151,0.1517241379310344
lora,mnli+sst2+record,3,mrpc,0.7000000000000001,0.6936274509803921,0.8489425981873112
lora,mnli+sst2+record,3,boolq,0.25,0.4865443425076453,0.23841059602649012
lora,mnli+sst2+record,3,rte,0.35000000000000003,0.6642599277978339,0.818840579710145
lora,mnli+sst2+record,3,cola,0.25,0.6768935762224353,0.08965517241379287
lora,qnli+qqp,2,mrpc,0.5,0.6936274509803921,0.8489425981873112
lora,qnli+qqp,2,boolq,0.05,0.3749235474006116,-0.030169242089771918
lora,qnli+qqp,2,rte,1.0,0.5415162454873647,0.5724637681159421
lora,qnli+qqp,2,cola,0.5,0.6874400767018217,0.16551724137931045
lora,qnli+qqp+record,3,mrpc,0.4,0.6740196078431373,0.8247734138972811
lora,qnli+qqp+record,3,boolq,0.05,0.37553516819571864,-0.028697571743929434
lora,qnli+qqp+record,3,rte,0.7000000000000001,0.5703971119133574,0.6304347826086957
lora,qnli+qqp+record,3,cola,0.35000000000000003,0.6797698945349953,0.11034482758620698
lora,qnli+qqp+sst2,3,mrpc,0.4,0.6936274509803921,0.8489425981873112
lora,qnli+qqp+sst2,3,boolq,0.05,0.3782874617737003,-0.022075055187637974
lora,qnli+qqp+sst2,3,rte,0.75,0.6209386281588448,0.7318840579710146
lora,qnli+qqp+sst2,3,cola,0.30000000000000004,0.6912751677852349,0.19310344827586182
lora,qnli+qqp+sst2+record,4,mrpc,0.4,0.6985294117647058,0.8549848942598187
lora,qnli+qqp+sst2+record,4,boolq,0.05,0.38593272171253823,-0.003679175864606351
lora,qnli+qqp+sst2+record,4,rte,0.55,0.6137184115523465,0.717391304347826
lora,qnli+qqp+sst2+record,4,cola,0.35000000000000003,0.6864813039309684,0.15862068965517243
lora,qnli+record,2,mrpc,0.7000000000000001,0.7034313725490197,0.8610271903323263
lora,qnli+record,2,boolq,0.25,0.5021406727828747,0.27593818984547475
lora,qnli+record,2,rte,0.6000000000000001,0.6498194945848376,0.7898550724637683
lora,qnli+record,2,cola,0.8500000000000001,0.6193672099712368,-0.3241379310344829
lora,qnli+sst2,2,mrpc,0.7000000000000001,0.6887254901960784,0.8429003021148036
lora,qnli+sst2,2,boolq,0.30000000000000004,0.4559633027522936,0.1648270787343635
lora,qnli+sst2,2,rte,0.65,0.6498194945848376,0.7898550724637683
lora,qnli+sst2,2,cola,0.5,0.6912751677852349,0.19310344827586182
lora,qnli+sst2+record,3,mrpc,0.6000000000000001,0.678921568627451,0.8308157099697886
lora,qnli+sst2+record,3,boolq,0.25,0.5131498470948013,0.3024282560706403
lora,qnli+sst2+record,3,rte,0.45,0.6498194945848376,0.7898550724637683
lora,qnli+sst2+record,3,cola,0.65,0.6893576222435283,0.17931034482758573
lora,qqp+record,2,mrpc,0.75,0.3602941176470588,0.4380664652567976
lora,qqp+record,2,boolq,0.05,0.37767584097859325,-0.023546725533480594
lora,qqp+record,2,rte,0.8,0.48375451263537905,0.4565217391304348
lora,qqp+record,2,cola,0.75,0.6883988494726749,0.1724137931034477
lora,qqp+sst2,2,mrpc,0.75,0.6078431372549019,0.7432024169184289
lora,qqp+sst2,2,boolq,0.05,0.3785932721712538,-0.02133922001471673
lora,qqp+sst2,2,rte,0.65,0.47653429602888087,0.44202898550724645
lora,qqp+sst2,2,cola,0.35000000000000003,0.6912751677852349,0.19310344827586182
lora,qqp+sst2+record,3,mrpc,0.5,0.6274509803921569,0.7673716012084593
lora,qqp+sst2+record,3,boolq,0.30000000000000004,0.37003058103975534,-0.04194260485651222
lora,qqp+sst2+record,3,rte,0.7000000000000001,0.48736462093862815,0.46376811594202905
lora,qqp+sst2+record,3,cola,0.5,0.6893576222435283,0.17931034482758573
lora,sst2+record,2,mrpc,0.8500000000000001,0.678921568627451,0.8308157099697886
lora,sst2+record,2,boolq,0.4,0.5559633027522936,0.40544518027961735
lora,sst2+record,2,rte,0.6000000000000001,0.6353790613718412,0.7608695652173915
lora,sst2+record,2,cola,0.5,0.6836049856184084,0.1379310344827583
