target,signal,n_combos,selected,n_tasks,acc,nai,best_coef,oracle_combo,oracle_acc,regret,rank,pct,rho,overlap_at_k
mrpc,oracle,4083,record+hellaswag,2,0.6838235294117647,0.8052325581395349,0.8,record+hellaswag,0.6838235294117647,0.0,1,0.0002449179524859172,,
mrpc,random,4083,(mean over all mixtures),-1,0.35750457420293613,0.41820309963604047,,record+hellaswag,0.6838235294117647,0.3263189552088286,885,0.21675238795003673,,
mrpc,all,4083,mnli+qnli+qqp+sst2+record+snli+anli_r1+paws+imdb+squad_v2+hellaswag+winogrande,12,0.3161764705882353,0.3691860465116279,0.05,record+hellaswag,0.6838235294117647,0.36764705882352944,1882,0.4609355865784962,,
mrpc,cos_mix,4083,qnli+sst2+anli_r1+paws+imdb,5,0.321078431372549,0.375,0.1,record+hellaswag,0.6838235294117647,0.36274509803921573,1597,0.3911339701200098,-0.39000917989772366,0.0
mrpc,dot_mix,4083,mnli+qnli+qqp+sst2+record+snli+anli_r1+paws+imdb+squad_v2+hellaswag+winogrande,12,0.3161764705882353,0.3691860465116279,0.05,record+hellaswag,0.6838235294117647,0.36764705882352944,1882,0.4609355865784962,-0.49448796574037096,0.0
mrpc,ts_cos,4083,anli_r1+imdb,2,0.4509803921568627,0.5290697674418605,0.4,record+hellaswag,0.6838235294117647,0.23284313725490202,500,0.12245897624295861,-0.08677685363321316,0.0
mrpc,ts_dot,4083,mnli+qqp,2,0.3161764705882353,0.3691860465116279,0.1,record+hellaswag,0.6838235294117647,0.36764705882352944,1882,0.4609355865784962,-0.533077778143205,0.0
mrpc,kc_cos,4083,mnli+snli,2,0.3455882352941176,0.4040697674418604,0.1,record+hellaswag,0.6838235294117647,0.33823529411764713,1004,0.2458976242958609,0.042088036150840724,0.0
mrpc,kc_dot,4083,mnli+snli,2,0.3455882352941176,0.4040697674418604,0.1,record+hellaswag,0.6838235294117647,0.33823529411764713,1004,0.2458976242958609,-0.2049589333897046,0.0
mrpc,sar,4083,qnli+record+anli_r1+paws+imdb+squad_v2+hellaswag,7,0.3235294117647059,0.3779069767441861,0.1,record+hellaswag,0.6838235294117647,0.3602941176470588,1477,0.36174381582169973,-0.1618951063541303,0.0
mrpc,sar_iso,4083,qnli+anli_r1+paws+imdb,4,0.3161764705882353,0.3691860465116279,0.1,record+hellaswag,0.6838235294117647,0.36764705882352944,1882,0.4609355865784962,-0.5142727337716998,0.0
boolq,oracle,4083,qnli+record+paws+hellaswag+winogrande,5,0.6990825688073394,0.707147814018043,0.35,qnli+record+paws+hellaswag+winogrande,0.6990825688073394,0.0,1,0.0002449179524859172,,
boolq,random,4083,(mean over all mixtures),-1,0.4801202270022417,0.21026588639648186,,qnli+record+paws+hellaswag+winogrande,0.6990825688073394,0.21896234180509772,2536,0.621111927504286,,
boolq,all,4083,mnli+qnli+qqp+sst2+record+snli+anli_r1+paws+imdb+squad_v2+hellaswag+winogrande,12,0.1073394495412844,-0.6356696738376127,0.05,qnli+record+paws+hellaswag+winogrande,0.6990825688073394,0.591743119266055,3983,0.9755082047514083,,
boolq,cos_mix,4083,anli_r1+paws,2,0.590519877675841,0.460791117279667,0.15,qnli+record+paws+hellaswag+winogrande,0.6990825688073394,0.10856269113149841,746,0.18270879255449424,0.22924687010207231,0.0
boolq,dot_mix,4083,mnli+qnli+qqp+sst2+record+snli+anli_r1+paws+imdb+squad_v2+hellaswag+winogrande,12,0.1073394495412844,-0.6356696738376127,0.05,qnli+record+paws+hellaswag+winogrande,0.6990825688073394,0.591743119266055,3983,0.9755082047514083,-0.21986697655026696,0.0
boolq,ts_cos,4083,qnli+paws,2,0.6259938837920489,0.5412907702984039,0.45,qnli+record+paws+hellaswag+winogrande,0.6990825688073394,0.07308868501529053,158,0.03869703649277492,0.40560961133304535,0.0
boolq,ts_dot,4083,qnli+paws,2,0.6259938837920489,0.5412907702984039,0.45,qnli+record+paws+hellaswag+winogrande,0.6990825688073394,0.07308868501529053,158,0.03869703649277492,0.13924454050548515,0.0
boolq,kc_cos,4083,mnli+snli,2,0.5620795107033639,0.3962526023594726,0.05,qnli+record+paws+hellaswag+winogrande,0.6990825688073394,0.1370030581039755,1235,0.3024736713201078,-0.27800500070013034,0.0
boolq,kc_dot,4083,mnli+snli,2,0.5620795107033639,0.3962526023594726,0.05,qnli+record+paws+hellaswag+winogrande,0.6990825688073394,0.1370030581039755,1235,0.3024736713201078,-0.34963878580007157,0.0
boolq,sar,4083,qnli+record+paws+imdb+squad_v2+hellaswag+winogrande,7,0.6070336391437309,0.498265093684941,0.05,qnli+record+paws+hellaswag+winogrande,0.6990825688073394,0.09204892966360856,382,0.09355865784962038,0.4385153441733764,0.0
boolq,sar_iso,4083,anli_r1+paws,2,0.590519877675841,0.460791117279667,0.15,qnli+record+paws+hellaswag+winogrande,0.6990825688073394,0.10856269113149841,746,0.18270879255449424,0.3944471455423202,0.0
rte,oracle,4083,mnli+qnli+qqp+sst2+anli_r1+paws+squad_v2+winogrande,8,0.8411552346570397,1.1172413793103448,0.25,mnli+qnli+qqp+sst2+anli_r1+paws+squad_v2+winogrande,0.8411552346570397,0.0,1,0.0002449179524859172,,
rte,random,4083,(mean over all mixtures),-1,0.6169748477220421,0.6889795366827975,,mnli+qnli+qqp+sst2+anli_r1+paws+squad_v2+winogrande,0.8411552346570397,0.22418038693499753,1704,0.41734019103600295,,
rte,all,4083,mnli+qnli+qqp+sst2+record+snli+anli_r1+paws+imdb+squad_v2+hellaswag+winogrande,12,0.5812274368231047,0.6206896551724139,0.05,mnli+qnli+qqp+sst2+anli_r1+paws+squad_v2+winogrande,0.8411552346570397,0.25992779783393494,2198,0.538329659564046,,
rte,cos_mix,4083,qnli+anli_r1+imdb,3,0.6823104693140795,0.8137931034482759,0.35,mnli+qnli+qqp+sst2+anli_r1+paws+squad_v2+winogrande,0.8411552346570397,0.15884476534296021,1183,0.28973793779084006,0.1909753116711123,0.0
rte,dot_mix,4083,mnli+qnli+qqp+sst2+record+snli+anli_r1+paws+imdb+squad_v2+hellaswag+winogrande,12,0.5812274368231047,0.6206896551724139,0.05,mnli+qnli+qqp+sst2+anli_r1+paws+squad_v2+winogrande,0.8411552346570397,0.25992779783393494,2198,0.538329659564046,0.18210550844568713,0.0
rte,ts_cos,4083,qnli+anli_r1,2,0.7292418772563177,0.9034482758620692,0.4,mnli+qnli+qqp+sst2+anli_r1+paws+squad_v2+winogrande,0.8411552346570397,0.11191335740072195,843,0.2064658339456282,0.06342068699660022,0.0
rte,ts_dot,4083,mnli+qnli,2,0.5270758122743683,0.517241379310345,0.1,mnli+qnli+qqp+sst2+anli_r1+paws+squad_v2+winogrande,0.8411552346570397,0.3140794223826714,2961,0.7252020573108009,0.07683199057841045,0.0
rte,kc_cos,4083,mnli+snli,2,0.5270758122743683,0.517241379310345,0.05,mnli+qnli+qqp+sst2+anli_r1+paws+squad_v2+winogrande,0.8411552346570397,0.3140794223826714,2961,0.7252020573108009,-0.0648906080824488,0.0
rte,kc_dot,4083,mnli+snli,2,0.5270758122743683,0.517241379310345,0.05,mnli+qnli+qqp+sst2+anli_r1+paws+squad_v2+winogrande,0.8411552346570397,0.3140794223826714,2961,0.7252020573108009,0.0265957444628558,0.0
rte,sar,4083,qnli+anli_r1+imdb+squad_v2+hellaswag,5,0.6967509025270758,0.8413793103448277,0.35,mnli+qnli+qqp+sst2+anli_r1+paws+squad_v2+winogrande,0.8411552346570397,0.14440433212996384,1122,0.2747979426891991,0.23111037315040417,0.0
rte,sar_iso,4083,qnli+anli_r1,2,0.7292418772563177,0.9034482758620692,0.4,mnli+qnli+qqp+sst2+anli_r1+paws+squad_v2+winogrande,0.8411552346570397,0.11191335740072195,843,0.2064658339456282,0.13404215507097647,0.0
cola,oracle,4083,record+imdb+hellaswag,3,0.6740172579098753,0.0571428571428566,0.3,record+imdb+hellaswag,0.6740172579098753,0.0,1,0.0002449179524859172,,
cola,random,4083,(mean over all mixtures),-1,0.5513330886502015,-0.6740547916447993,,record+imdb+hellaswag,0.6740172579098753,0.12268416925967385,2190,0.5363703159441587,,
cola,all,4083,mnli+qnli+qqp+sst2+record+snli+anli_r1+paws+imdb+squad_v2+hellaswag+winogrande,12,0.5321188878235859,-0.7885714285714287,0.05,record+imdb+hellaswag,0.6740172579098753,0.14189837008628947,3028,0.7416115601273573,,
cola,cos_mix,4083,qnli+sst2+anli_r1+paws+imdb,5,0.5666347075743049,-0.5828571428571431,0.1,record+imdb+hellaswag,0.6740172579098753,0.10738255033557043,1506,0.36884643644379134,0.32810407512252504,0.1
cola,dot_mix,4083,mnli+qnli+qqp+sst2+record+snli+anli_r1+paws+imdb+squad_v2+hellaswag+winogrande,12,0.5321188878235859,-0.7885714285714287,0.05,record+imdb+hellaswag,0.6740172579098753,0.14189837008628947,3028,0.7416115601273573,0.1957809972166949,0.0
cola,ts_cos,4083,anli_r1+imdb,2,0.6653883029721956,0.0057142857142858,0.3,record+imdb+hellaswag,0.6740172579098753,0.008628954937679678,7,0.0017144256674014205,0.579392291580908,0.1
cola,ts_dot,4083,mnli+snli,2,0.2051773729626078,-2.737142857142858,0.05,record+imdb+hellaswag,0.6740172579098753,0.4688398849472675,4072,0.9973059025226549,0.3418827279385875,0.0
cola,kc_cos,4083,mnli+snli,2,0.2051773729626078,-2.737142857142858,0.05,record+imdb+hellaswag,0.6740172579098753,0.4688398849472675,4072,0.9973059025226549,0.37664048088656993,0.0
cola,kc_dot,4083,mnli+snli,2,0.2051773729626078,-2.737142857142858,0.05,record+imdb+hellaswag,0.6740172579098753,0.4688398849472675,4072,0.9973059025226549,0.18647737591719954,0.0
cola,sar,4083,sst2+record+anli_r1+squad_v2+hellaswag,5,0.5349952061361457,-0.7714285714285719,0.15,record+imdb+hellaswag,0.6740172579098753,0.13902205177372962,2923,0.715895175116336,-0.3840393639496288,0.0
cola,sar_iso,4083,qnli+sst2+anli_r1+paws+imdb+squad_v2+hellaswag,7,0.5417066155321189,-0.731428571428572,0.1,record+imdb+hellaswag,0.6740172579098753,0.13231064237775647,2638,0.6460935586578497,-0.1947180440638203,0.0
cb,oracle,4083,mnli+qqp+record+snli+anli_r1+paws+squad_v2+winogrande,8,0.8928571428571429,1.25,0.55,mnli+qqp+record+snli+anli_r1+paws+squad_v2+winogrande,0.8928571428571429,0.0,1,0.0002449179524859172,,
cb,random,4083,(mean over all mixtures),-1,0.6023582099996502,0.8433014939995103,,mnli+qqp+record+snli+anli_r1+paws+squad_v2+winogrande,0.8928571428571429,0.29049893285749273,2377,0.5821699730590252,,
cb,all,4083,mnli+qnli+qqp+sst2+record+snli+anli_r1+paws+imdb+squad_v2+hellaswag+winogrande,12,0.8035714285714286,1.125,0.4,mnli+qqp+record+snli+anli_r1+paws+squad_v2+winogrande,0.8928571428571429,0.0892857142857143,773,0.189321577271614,,
cb,cos_mix,4083,anli_r1+imdb,2,0.3392857142857143,0.475,0.9,mnli+qqp+record+snli+anli_r1+paws+squad_v2+winogrande,0.8928571428571429,0.5535714285714286,3539,0.866764633847661,0.46861457878712304,0.0
cb,dot_mix,4083,mnli+qnli+qqp+sst2+record+snli+anli_r1+paws+imdb+squad_v2+hellaswag+winogrande,12,0.8035714285714286,1.125,0.4,mnli+qqp+record+snli+anli_r1+paws+squad_v2+winogrande,0.8928571428571429,0.0892857142857143,773,0.189321577271614,0.6941364727653995,0.0
cb,ts_cos,4083,anli_r1+imdb,2,0.3392857142857143,0.475,0.9,mnli+qqp+record+snli+anli_r1+paws+squad_v2+winogrande,0.8928571428571429,0.5535714285714286,3539,0.866764633847661,0.24599667560801472,0.0
cb,ts_dot,4083,mnli+snli,2,0.8035714285714286,1.125,0.7000000000000001,mnli+qqp+record+snli+anli_r1+paws+squad_v2+winogrande,0.8928571428571429,0.0892857142857143,773,0.189321577271614,0.754671217501028,0.0
cb,kc_cos,4083,mnli+snli,2,0.8035714285714286,1.125,0.7000000000000001,mnli+qqp+record+snli+anli_r1+paws+squad_v2+winogrande,0.8928571428571429,0.0892857142857143,773,0.189321577271614,0.5547233867467494,0.0
cb,kc_dot,4083,mnli+snli,2,0.8035714285714286,1.125,0.7000000000000001,mnli+qqp+record+snli+anli_r1+paws+squad_v2+winogrande,0.8928571428571429,0.0892857142857143,773,0.189321577271614,0.7236113309425011,0.0
cb,sar,4083,anli_r1+imdb+squad_v2+hellaswag,4,0.6071428571428571,0.8499999999999999,0.95,mnli+qqp+record+snli+anli_r1+paws+squad_v2+winogrande,0.8928571428571429,0.2857142857142858,2315,0.5669850600048983,-0.09690065697524598,0.0
cb,sar_iso,4083,anli_r1+imdb,2,0.3392857142857143,0.475,0.9,mnli+qqp+record+snli+anli_r1+paws+squad_v2+winogrande,0.8928571428571429,0.5535714285714286,3539,0.866764633847661,0.44701462513733725,0.0
scitail,oracle,4083,mnli+qqp+anli_r1+hellaswag,4,0.8650047036688617,0.8993055555555556,0.3,mnli+qqp+anli_r1+hellaswag,0.8650047036688617,0.0,1,0.0002449179524859172,,
scitail,random,4083,(mean over all mixtures),-1,0.6943842133675435,0.7193754154858122,,mnli+qqp+anli_r1+hellaswag,0.8650047036688617,0.1706204903013182,2017,0.49399951016409505,,
scitail,all,4083,mnli+qnli+qqp+sst2+record+snli+anli_r1+paws+imdb+squad_v2+hellaswag+winogrande,12,0.7558795860771401,0.7842261904761904,0.1,mnli+qqp+anli_r1+hellaswag,0.8650047036688617,0.10912511759172161,1675,0.41023757041391135,,
scitail,cos_mix,4083,mnli+qnli+sst2+anli_r1+paws+imdb,6,0.6039510818438382,0.6240079365079364,0.1,mnli+qqp+anli_r1+hellaswag,0.8650047036688617,0.26105362182502356,2780,0.6808719079108498,0.28311945034538194,0.0
scitail,dot_mix,4083,mnli+qnli+qqp+sst2+record+snli+anli_r1+paws+imdb+squad_v2+hellaswag+winogrande,12,0.7558795860771401,0.7842261904761904,0.1,mnli+qqp+anli_r1+hellaswag,0.8650047036688617,0.10912511759172161,1675,0.41023757041391135,0.3829890995401179,0.0
scitail,ts_cos,4083,mnli+anli_r1,2,0.8198494825964252,0.8516865079365079,0.25,mnli+qqp+anli_r1+hellaswag,0.8650047036688617,0.045155221072436524,734,0.17976977712466324,0.18452658452207787,0.0
scitail,ts_dot,4083,mnli+snli,2,0.8010348071495766,0.831845238095238,0.15,mnli+qqp+anli_r1+hellaswag,0.8650047036688617,0.06396989651928509,1156,0.2831251530737203,0.3930799109907329,0.0
scitail,kc_cos,4083,mnli+snli,2,0.8010348071495766,0.831845238095238,0.15,mnli+qqp+anli_r1+hellaswag,0.8650047036688617,0.06396989651928509,1156,0.2831251530737203,0.23909874002244622,0.0
scitail,kc_dot,4083,mnli+snli,2,0.8010348071495766,0.831845238095238,0.15,mnli+qqp+anli_r1+hellaswag,0.8650047036688617,0.06396989651928509,1156,0.2831251530737203,0.3412440647702642,0.0
scitail,sar,4083,mnli+qnli+record+anli_r1+paws+imdb+squad_v2+hellaswag,8,0.5964252116650988,0.6160714285714285,0.05,mnli+qqp+anli_r1+hellaswag,0.8650047036688617,0.26857949200376297,3011,0.7374479549350967,0.11068366085451359,0.0
scitail,sar_iso,4083,mnli+qnli+anli_r1+paws+imdb,5,0.5874882408278457,0.6066468253968254,0.05,mnli+qqp+anli_r1+hellaswag,0.8650047036688617,0.27751646284101605,3308,0.8101885868234141,0.26270751115370844,0.0
stsb,oracle,4083,qnli+paws+winogrande,3,0.7050690498082994,0.7072360813857026,0.45,qnli+paws+winogrande,0.7050690498082994,0.0,1,0.0002449179524859172,,
stsb,random,4083,(mean over all mixtures),-1,0.40122007859429343,0.21936634694088206,,qnli+paws+winogrande,0.7050690498082994,0.303848971214006,1918,0.46975263286798924,,
stsb,all,4083,mnli+qnli+qqp+sst2+record+snli+anli_r1+paws+imdb+squad_v2+hellaswag+winogrande,12,0.3509173023522012,0.1385985826499115,0.05,qnli+paws+winogrande,0.7050690498082994,0.35415174745609823,2628,0.6436443791329904,,
stsb,cos_mix,4083,mnli+qnli+qqp+sst2+record+snli+anli_r1+paws+imdb+squad_v2+hellaswag+winogrande,12,0.3509173023522012,0.1385985826499115,0.05,qnli+paws+winogrande,0.7050690498082994,0.35415174745609823,2628,0.6436443791329904,0.31621234095062795,0.0
stsb,dot_mix,4083,mnli+qnli+qqp+sst2+record+snli+anli_r1+paws+imdb+squad_v2+hellaswag+winogrande,12,0.3509173023522012,0.1385985826499115,0.05,qnli+paws+winogrande,0.7050690498082994,0.35415174745609823,2628,0.6436443791329904,0.05047859711743937,0.0
stsb,ts_cos,4083,anli_r1+paws,2,0.311839206696744,0.0758535285071762,0.25,qnli+paws+winogrande,0.7050690498082994,0.39322984311155545,3229,0.7908400685770267,0.22334250995749827,0.0
stsb,ts_dot,4083,qqp+snli,2,0.3334266264567178,0.1105149877958751,0.1,qnli+paws+winogrande,0.7050690498082994,0.37164242335158165,2877,0.7046289493019838,0.04732601038785385,0.0
stsb,kc_cos,4083,mnli+snli,2,0.2881239622154622,0.0377755650335793,0.1,qnli+paws+winogrande,0.7050690498082994,0.4169450875928372,3537,0.8662747979426892,-0.11407746313904871,0.0
stsb,kc_dot,4083,mnli+snli,2,0.2881239622154622,0.0377755650335793,0.1,qnli+paws+winogrande,0.7050690498082994,0.4169450875928372,3537,0.8662747979426892,-0.08460746655033576,0.0
stsb,sar,4083,record+anli_r1+paws+imdb+squad_v2+hellaswag,6,0.1991753032895395,-0.1050432782754168,0.05,qnli+paws+winogrande,0.7050690498082994,0.50589374651876,4072,0.9973059025226549,0.06390509881899582,0.0
stsb,sar_iso,4083,qnli+anli_r1+paws+imdb+squad_v2+hellaswag,6,0.479028382269547,0.3442978755880923,0.25,qnli+paws+winogrande,0.7050690498082994,0.2260406675387524,1018,0.24932647563066374,0.16062735157257887,0.0
cr,oracle,4083,sst2+record+anli_r1,3,0.9335106382978724,0.9964664310954064,0.4,sst2+record+anli_r1,0.9335106382978724,0.0,1,0.0002449179524859172,,
cr,random,4083,(mean over all mixtures),-1,0.862543056054945,0.9021773465606335,,sst2+record+anli_r1,0.9335106382978724,0.07096758224292743,2528,0.6191525838843988,,
cr,all,4083,mnli+qnli+qqp+sst2+record+snli+anli_r1+paws+imdb+squad_v2+hellaswag+winogrande,12,0.8829787234042553,0.9293286219081274,0.05,sst2+record+anli_r1,0.9335106382978724,0.05053191489361708,1843,0.4513837864315454,,
cr,cos_mix,4083,sst2+imdb,2,0.9202127659574468,0.978798586572438,0.35,sst2+record+anli_r1,0.9335106382978724,0.013297872340425565,140,0.03428851334802841,0.7672720859621027,0.0
cr,dot_mix,4083,mnli+qnli+qqp+sst2+record+snli+anli_r1+paws+imdb+squad_v2+hellaswag+winogrande,12,0.8829787234042553,0.9293286219081274,0.05,sst2+record+anli_r1,0.9335106382978724,0.05053191489361708,1843,0.4513837864315454,0.42643065665553664,0.0
cr,ts_cos,4083,sst2+imdb,2,0.9202127659574468,0.978798586572438,0.35,sst2+record+anli_r1,0.9335106382978724,0.013297872340425565,140,0.03428851334802841,0.6420548241359225,0.0
cr,ts_dot,4083,sst2+imdb,2,0.9202127659574468,0.978798586572438,0.35,sst2+record+anli_r1,0.9335106382978724,0.013297872340425565,140,0.03428851334802841,0.5173968324031983,0.0
cr,kc_cos,4083,mnli+snli,2,0.2526595744680851,0.0918727915194346,0.05,sst2+record+anli_r1,0.9335106382978724,0.6808510638297873,4076,0.9982855743325986,-0.2854987036348833,0.0
cr,kc_dot,4083,mnli+snli,2,0.2526595744680851,0.0918727915194346,0.05,sst2+record+anli_r1,0.9335106382978724,0.6808510638297873,4076,0.9982855743325986,-0.6496781800973981,0.0
cr,sar,4083,sst2+imdb+squad_v2,3,0.925531914893617,0.9858657243816252,0.35,sst2+record+anli_r1,0.9335106382978724,0.007978723404255428,12,0.0029390154298310064,0.8901581644957085,0.1
cr,sar_iso,4083,sst2+imdb,2,0.9202127659574468,0.978798586572438,0.35,sst2+record+anli_r1,0.9335106382978724,0.013297872340425565,140,0.03428851334802841,0.7182435370094181,0.1
rotten_tomatoes,oracle,4083,sst2+record+imdb,3,0.9287054409005628,1.0108695652173914,0.55,sst2+record+imdb,0.9287054409005628,0.0,1,0.0002449179524859172,,
rotten_tomatoes,random,4083,(mean over all mixtures),-1,0.8370307673008341,0.8780907580743061,,sst2+record+imdb,0.9287054409005628,0.0916746735997287,2805,0.6869948567229978,,
rotten_tomatoes,all,4083,mnli+qnli+qqp+sst2+record+snli+anli_r1+paws+imdb+squad_v2+hellaswag+winogrande,12,0.8714821763602252,0.9279891304347828,0.05,sst2+record+imdb,0.9287054409005628,0.05722326454033766,1661,0.4068087190791085,,
rotten_tomatoes,cos_mix,4083,sst2+imdb,2,0.926829268292683,1.0081521739130437,0.5,sst2+record+imdb,0.9287054409005628,0.0018761726078798668,3,0.0007347538574577516,0.875323321934736,0.4
rotten_tomatoes,dot_mix,4083,mnli+qnli+qqp+sst2+record+snli+anli_r1+paws+imdb+squad_v2+hellaswag+winogrande,12,0.8714821763602252,0.9279891304347828,0.05,sst2+record+imdb,0.9287054409005628,0.05722326454033766,1661,0.4068087190791085,0.5955456477451667,0.0
rotten_tomatoes,ts_cos,4083,sst2+imdb,2,0.926829268292683,1.0081521739130437,0.5,sst2+record+imdb,0.9287054409005628,0.0018761726078798668,3,0.0007347538574577516,0.7631780220987222,0.4
rotten_tomatoes,ts_dot,4083,sst2+imdb,2,0.926829268292683,1.0081521739130437,0.5,sst2+record+imdb,0.9287054409005628,0.0018761726078798668,3,0.0007347538574577516,0.7048521179643611,0.3
rotten_tomatoes,kc_cos,4083,mnli+snli,2,0.0337711069418386,-0.2853260869565218,0.05,sst2+record+imdb,0.9287054409005628,0.8949343339587242,4077,0.9985304922850845,-0.19536399509863905,0.1
rotten_tomatoes,kc_dot,4083,mnli+snli,2,0.0337711069418386,-0.2853260869565218,0.05,sst2+record+imdb,0.9287054409005628,0.8949343339587242,4077,0.9985304922850845,-0.5411453313673023,0.0
rotten_tomatoes,sar,4083,sst2+imdb+squad_v2,3,0.924015009380863,1.0040760869565215,0.55,sst2+record+imdb,0.9287054409005628,0.004690431519699834,14,0.003428851334802841,0.9370609065808281,0.1
rotten_tomatoes,sar_iso,4083,sst2+imdb,2,0.926829268292683,1.0081521739130437,0.5,sst2+record+imdb,0.9287054409005628,0.0018761726078798668,3,0.0007347538574577516,0.8289893851989293,0.4
multirc,oracle,4083,mnli+qnli+anli_r1+paws,4,0.7572194719471947,0.7658196312904835,0.2,mnli+qnli+anli_r1+paws,0.7572194719471947,0.0,1,0.0002449179524859172,,
multirc,random,4083,(mean over all mixtures),-1,0.6280957770648482,0.453915459496953,,mnli+qnli+anli_r1+paws,0.7572194719471947,0.12912369488234654,2362,0.5784962037717365,,
multirc,all,4083,mnli+qnli+qqp+sst2+record+snli+anli_r1+paws+imdb+squad_v2+hellaswag+winogrande,12,0.5389851485148515,0.2386646736422521,0.05,mnli+qnli+anli_r1+paws,0.7572194719471947,0.21823432343234328,3800,0.9306882194464854,,
multirc,cos_mix,4083,anli_r1+paws,2,0.7345297029702971,0.7110114598903838,0.5,mnli+qnli+anli_r1+paws,0.7572194719471947,0.022689768976897673,45,0.011021307861866276,0.6404336975504911,0.1
multirc,dot_mix,4083,mnli+qnli+qqp+sst2+record+snli+anli_r1+paws+imdb+squad_v2+hellaswag+winogrande,12,0.5389851485148515,0.2386646736422521,0.05,mnli+qnli+anli_r1+paws,0.7572194719471947,0.21823432343234328,3800,0.9306882194464854,0.41879451574546017,0.0
multirc,ts_cos,4083,anli_r1+paws,2,0.7345297029702971,0.7110114598903838,0.5,mnli+qnli+anli_r1+paws,0.7572194719471947,0.022689768976897673,45,0.011021307861866276,0.691208807140153,0.1
multirc,ts_dot,4083,mnli+paws,2,0.753506600660066,0.7568510214250126,0.3,mnli+qnli+anli_r1+paws,0.7572194719471947,0.003712871287128716,3,0.0007347538574577516,0.5425013436819937,0.1
multirc,kc_cos,4083,mnli+snli,2,0.6707920792079208,0.5570503238664676,0.1,mnli+qnli+anli_r1+paws,0.7572194719471947,0.08642739273927391,700,0.17144256674014205,-0.0393349086797292,0.0
multirc,kc_dot,4083,mnli+snli,2,0.6707920792079208,0.5570503238664676,0.1,mnli+qnli+anli_r1+paws,0.7572194719471947,0.08642739273927391,700,0.17144256674014205,0.09059804631428174,0.0
multirc,sar,4083,record+anli_r1+paws+squad_v2+hellaswag,5,0.7007013201320133,0.6292974588938717,0.15,mnli+qnli+anli_r1+paws,0.7572194719471947,0.056518151815181494,309,0.07567964731814843,0.3932557254224699,0.0
multirc,sar_iso,4083,anli_r1+paws,2,0.7345297029702971,0.7110114598903838,0.5,mnli+qnli+anli_r1+paws,0.7572194719471947,0.022689768976897673,45,0.011021307861866276,0.6602466838718674,0.1
copa,oracle,4083,hellaswag+winogrande,2,0.77,1.0444444444444445,0.35,hellaswag+winogrande,0.77,0.0,1,0.0002449179524859172,,
copa,random,4083,(mean over all mixtures),-1,0.44521430320842514,0.32269845157427823,,hellaswag+winogrande,0.77,0.3247856967915749,2396,0.5868234141562576,,
copa,all,4083,mnli+qnli+qqp+sst2+record+snli+anli_r1+paws+imdb+squad_v2+hellaswag+winogrande,12,0.52,0.4888888888888889,0.05,hellaswag+winogrande,0.77,0.25,1736,0.4251775655155523,,
copa,cos_mix,4083,anli_r1+imdb+hellaswag+winogrande,4,0.76,1.022222222222222,0.3,hellaswag+winogrande,0.77,0.010000000000000009,2,0.0004898359049718344,0.6336773166712996,0.3
copa,dot_mix,4083,mnli+qnli+qqp+sst2+record+snli+anli_r1+paws+imdb+squad_v2+hellaswag+winogrande,12,0.52,0.4888888888888889,0.05,hellaswag+winogrande,0.77,0.25,1736,0.4251775655155523,0.28799794825136504,0.0
copa,ts_cos,4083,hellaswag+winogrande,2,0.77,1.0444444444444445,0.35,hellaswag+winogrande,0.77,0.0,1,0.0002449179524859172,0.7270151725195236,0.5
copa,ts_dot,4083,hellaswag+winogrande,2,0.77,1.0444444444444445,0.35,hellaswag+winogrande,0.77,0.0,1,0.0002449179524859172,0.6327995534100147,0.3
copa,kc_cos,4083,mnli+snli,2,0.01,-0.6444444444444444,0.1,hellaswag+winogrande,0.77,0.76,4059,0.994121969140338,-0.13833045126917773,0.0
copa,kc_dot,4083,mnli+snli,2,0.01,-0.6444444444444444,0.1,hellaswag+winogrande,0.77,0.76,4059,0.994121969140338,-0.3425147189701321,0.0
copa,sar,4083,record+anli_r1+imdb+squad_v2+hellaswag+winogrande,6,0.65,0.7777777777777778,0.2,hellaswag+winogrande,0.77,0.12,381,0.09331373989713446,0.1168458487645193,0.1
copa,sar_iso,4083,imdb+hellaswag+winogrande,3,0.73,0.9555555555555556,0.3,hellaswag+winogrande,0.77,0.040000000000000036,9,0.002204261572373255,0.5461425180965052,0.2
piqa,oracle,4083,imdb+hellaswag+winogrande,3,0.721436343852013,0.8204804045512011,0.35,imdb+hellaswag+winogrande,0.721436343852013,0.0,1,0.0002449179524859172,,
piqa,random,4083,(mean over all mixtures),-1,0.3142994240563796,-0.12555961894358308,,imdb+hellaswag+winogrande,0.721436343852013,0.40713691979563343,2001,0.49008082292432037,,
piqa,all,4083,mnli+qnli+qqp+sst2+record+snli+anli_r1+paws+imdb+squad_v2+hellaswag+winogrande,12,0.132208922742111,-0.5486725663716814,0.1,imdb+hellaswag+winogrande,0.721436343852013,0.589227421109902,3182,0.7793289248101886,,
piqa,cos_mix,4083,hellaswag+winogrande,2,0.719804134929271,0.8166877370417195,0.4,imdb+hellaswag+winogrande,0.721436343852013,0.0016322089227420733,3,0.0007347538574577516,0.6850525628212236,0.6
piqa,dot_mix,4083,mnli+qnli+qqp+sst2+record+snli+anli_r1+paws+imdb+squad_v2+hellaswag+winogrande,12,0.132208922742111,-0.5486725663716814,0.1,imdb+hellaswag+winogrande,0.721436343852013,0.589227421109902,3182,0.7793289248101886,0.4088340448432735,0.0
piqa,ts_cos,4083,hellaswag+winogrande,2,0.719804134929271,0.8166877370417195,0.4,imdb+hellaswag+winogrande,0.721436343852013,0.0016322089227420733,3,0.0007347538574577516,0.6245385002614878,0.4
piqa,ts_dot,4083,hellaswag+winogrande,2,0.719804134929271,0.8166877370417195,0.4,imdb+hellaswag+winogrande,0.721436343852013,0.0016322089227420733,3,0.0007347538574577516,0.4381301092678559,0.1
piqa,kc_cos,4083,mnli+snli,2,0.0,-0.8558786346396966,0.05,imdb+hellaswag+winogrande,0.721436343852013,0.721436343852013,4068,0.9963262307127112,-0.037822890488098476,0.0
piqa,kc_dot,4083,mnli+snli,2,0.0,-0.8558786346396966,0.05,imdb+hellaswag+winogrande,0.721436343852013,0.721436343852013,4068,0.9963262307127112,-0.30921062380167247,0.0
piqa,sar,4083,squad_v2+hellaswag+winogrande,3,0.5337323177366703,0.3843236409608091,0.3,imdb+hellaswag+winogrande,0.721436343852013,0.18770402611534276,660,0.16164584864070536,0.3475212276764645,0.0
piqa,sar_iso,4083,hellaswag+winogrande,2,0.719804134929271,0.8166877370417195,0.4,imdb+hellaswag+winogrande,0.721436343852013,0.0016322089227420733,3,0.0007347538574577516,0.5467921388888319,0.6
