method,combo,n_tasks,task,nai,sar,sar_iso
base,mnli+qnli,2,mnli,0.8247761532358607,0.9323104023933411,0.9893633127212524
base,mnli+qnli,2,qnli,0.528152260111023,0.8553351163864136,0.9588189721107483
base,mnli+qnli+qqp,3,mnli,0.4768219426498922,0.9000669717788696,0.9719549417495728
base,mnli+qnli+qqp,3,qnli,0.6455194290245837,0.8341045379638672,0.947162926197052
base,mnli+qnli+qqp,3,qqp,0.6777813495426517,0.8902623057365417,0.9693698883056641
base,mnli+qnli+qqp+record,4,mnli,0.43443273263062443,0.8980393409729004,0.9662030339241028
base,mnli+qnli+qqp+record,4,qnli,0.6661379857256146,0.8421813249588013,0.9427070617675781
base,mnli+qnli+qqp+record,4,qqp,0.6778982436657996,0.8895763754844666,0.9633634686470032
base,mnli+qnli+qqp+record,4,record,0.3997979117547995,0.7823577523231506,0.9420035481452942
base,mnli+qnli+qqp+sst2,4,mnli,0.5422191998186556,0.8969346284866333,0.9696211218833923
base,mnli+qnli+qqp+sst2,4,qnli,0.6728786677240285,0.8323395848274231,0.9458972215652466
base,mnli+qnli+qqp+sst2,4,qqp,0.6779859142581607,0.8868040442466736,0.967507004737854
base,mnli+qnli+qqp+sst2,4,sst2,0.9405737704918035,0.8137938380241394,0.9393705725669861
base,mnli+qnli+qqp+sst2+record,5,mnli,0.5064037175563866,0.8950804471969604,0.9643473029136658
base,mnli+qnli+qqp+sst2+record,5,qnli,0.6913164155432197,0.8399339318275452,0.9417462944984436
base,mnli+qnli+qqp+sst2+record,5,qqp,0.6778690201350127,0.8862430453300476,0.9618967771530151
base,mnli+qnli+qqp+sst2+record,5,sst2,0.9631147540983606,0.8285444378852844,0.9353677034378052
base,mnli+qnli+qqp+sst2+record,5,record,0.40872347591781744,0.7773218154907227,0.9404850006103516
base,mnli+qnli+record,3,mnli,0.4731950583701688,0.9252964854240417,0.9794274568557739
base,mnli+qnli+record,3,qnli,0.6052735923869944,0.8656232953071594,0.9511624574661255
base,mnli+qnli+record,3,record,0.614011451667228,0.8247362971305847,0.9547950029373169
base,mnli+qnli+sst2,3,mnli,0.47466848010880647,0.9256048202514648,0.985155463218689
base,mnli+qnli+sst2,3,qnli,0.5400475812846948,0.8544382452964783,0.9564184546470642
base,mnli+qnli+sst2,3,sst2,0.922131147540984,0.8364128470420837,0.9486261010169983
base,mnli+qnli+sst2+record,4,mnli,0.4535872152329139,0.9192193150520325,0.9763612747192383
base,mnli+qnli+sst2+record,4,qnli,0.5951625693893735,0.861467182636261,0.9495466947555542
base,mnli+qnli+sst2+record,4,sst2,0.8381147540983607,0.8485412001609802,0.9422705769538879
base,mnli+qnli+sst2+record,4,record,0.6181374200067363,0.8161501288414001,0.9524057507514954
base,mnli+qqp,2,mnli,0.9092145528731723,0.9099155068397522,0.9763503670692444
base,mnli+qqp,2,qqp,0.9483912446301762,0.8998918533325195,0.973541259765625
base,mnli+qqp+record,3,mnli,0.7532585288450641,0.9064257740974426,0.969524085521698
base,mnli+qqp+record,3,qqp,0.8344194745609164,0.8979992270469666,0.9665764570236206
base,mnli+qqp+record,3,record,0.4741495453014482,0.7954476475715637,0.9451214671134949
base,mnli+qqp+sst2,3,mnli,0.5502663493142921,0.906181275844574,0.9735720753669739
base,mnli+qqp+sst2,3,qqp,0.8019521318565709,0.8960892558097839,0.9713351130485535
base,mnli+qqp+sst2,3,sst2,0.8565573770491803,0.821040689945221,0.9416321516036987
base,mnli+qqp+sst2+record,4,mnli,0.5521931315878952,0.9026804566383362,0.9673746824264526
base,mnli+qqp+sst2+record,4,qqp,0.7870189076244191,0.8942412734031677,0.9648798704147339
base,mnli+qqp+sst2+record,4,sst2,0.9323770491803279,0.8308436274528503,0.9370939135551453
base,mnli+qqp+sst2+record,4,record,0.558521387672617,0.7898479700088501,0.943394124507904
base,mnli+record,2,mnli,0.9267822736030827,0.9380775094032288,0.9855918884277344
base,mnli+record,2,record,0.7853654429100707,0.8433531522750854,0.9601772427558899
base,mnli+sst2,2,mnli,0.6504590275416525,0.940148651599884,0.9931435585021973
base,mnli+sst2,2,sst2,0.8586065573770492,0.843176543712616,0.9529629945755005
base,mnli+sst2+record,3,mnli,0.719029808455174,0.9306785464286804,0.9817927479743958
base,mnli+sst2+record,3,sst2,0.7581967213114754,0.8566184639930725,0.9451605677604675
base,mnli+sst2+record,3,record,0.6986359043448972,0.8340875506401062,0.9572511315345764
base,qnli+qqp,2,qnli,0.5398493259318001,0.8638136982917786,0.9605503082275391
base,qnli+qqp,2,qqp,0.6891493030187906,0.9300685524940491,0.9887285232543945
base,qnli+qqp+record,3,qnli,0.5414353687549565,0.868765652179718,0.9521069526672363
base,qnli+qqp+record,3,qqp,0.6778690201350127,0.9212876558303833,0.9779009222984314
base,qnli+qqp+record,3,record,0.49006399461098005,0.8306900858879089,0.954789936542511
base,qnli+qqp+sst2,3,qnli,0.5414353687549565,0.8616414666175842,0.9575560688972473
base,qnli+qqp+sst2,3,qqp,0.6779859142581607,0.9237804412841797,0.9845842719078064
base,qnli+qqp+sst2,3,sst2,0.9385245901639347,0.8450782895088196,0.9511846899986267
base,qnli+qqp+sst2+record,4,qnli,0.5414353687549565,0.8654769659042358,0.9502005577087402
base,qnli+qqp+sst2+record,4,qqp,0.6778982436657996,0.9158126711845398,0.9750209450721741
base,qnli+qqp+sst2+record,4,sst2,0.9508196721311478,0.8526082038879395,0.9442762732505798
base,qnli+qqp+sst2+record,4,record,0.5094307847760189,0.8232902884483337,0.9520694017410278
base,qnli+record,2,qnli,0.9970261697065821,0.9121559858322144,0.9717784523963928
base,qnli+record,2,record,0.9358369821488717,0.9097574949264526,0.980128288269043
base,qnli+sst2,2,qnli,0.9968279143536874,0.9249483346939087,0.9863623380661011
base,qnli+sst2,2,sst2,1.014344262295082,0.904328465461731,0.9752082824707031
base,qnli+sst2+record,3,qnli,0.9740285487708168,0.9018325805664062,0.9666956067085266
base,qnli+sst2+record,3,sst2,1.0102459016393444,0.8877586126327515,0.9588994979858398
base,qnli+sst2+record,3,record,0.8842202761872685,0.8939076066017151,0.9737738370895386
base,qqp+record,2,qqp,0.9286945848797451,0.9347953796386719,0.9842726588249207
base,qqp+record,2,record,0.708992926911418,0.8480005264282227,0.9607344269752502
base,qqp+sst2,2,qqp,0.8659808878108652,0.9396589398384094,0.992904007434845
base,qqp+sst2,2,sst2,0.9610655737704917,0.8544870018959045,0.9564172029495239
base,qqp+sst2+record,3,qqp,0.8642274759636459,0.9280489683151245,0.9806098937988281
base,qqp+sst2+record,3,sst2,0.9877049180327873,0.862626850605011,0.947603166103363
base,qqp+sst2+record,3,record,0.6805321657123611,0.8396731615066528,0.9572792053222656
base,sst2+record,2,sst2,1.0122950819672132,0.9061362147331238,0.9677857160568237
base,sst2+record,2,record,0.9877062984169754,0.9254535436630249,0.9873541593551636
lora,mnli+qnli,2,mnli,0.922617680826636,0.8603553771972656,0.9699265956878662
lora,mnli+qnli,2,qnli,0.9001191421763305,0.728104829788208,0.8970419764518738
lora,mnli+qnli+qqp,3,mnli,0.8061997703788749,0.834930419921875,0.9193644523620605
lora,mnli+qnli+qqp,3,qnli,0.6517077045274027,0.7241703271865845,0.8336764574050903
lora,mnli+qnli+qqp,3,qqp,0.6917173386858728,0.8276500701904297,0.9160146117210388
lora,mnli+qnli+qqp+record,4,mnli,0.6587830080367394,0.8167446255683899,0.889835000038147
lora,mnli+qnli+qqp+record,4,qnli,0.613582208101668,0.7215580344200134,0.8022345304489136
lora,mnli+qnli+qqp+record,4,qqp,0.7017533502568037,0.8047264814376831,0.8865536451339722
lora,mnli+qnli+qqp+record,4,record,0.20488418028371339,0.7560877203941345,0.874897837638855
lora,mnli+qnli+qqp+sst2,4,mnli,0.6831228473019517,0.8352069854736328,0.9112657308578491
lora,mnli+qnli+qqp+sst2,4,qnli,0.7928911834789515,0.7325266599655151,0.8260618448257446
lora,mnli+qnli+qqp+sst2,4,qqp,0.7098116771946396,0.8240985870361328,0.9086231589317322
lora,mnli+qnli+qqp+sst2,4,sst2,0.896969696969697,0.6233488321304321,0.7752851843833923
lora,mnli+qnli+qqp+sst2+record,5,mnli,0.5799081515499426,0.8090818524360657,0.8833867311477661
lora,mnli+qnli+qqp+sst2+record,5,qnli,0.7609213661636219,0.7208570241928101,0.7994626760482788
lora,mnli+qnli+qqp+sst2+record,5,qqp,0.6867583682625893,0.7998327016830444,0.8807929754257202
lora,mnli+qnli+qqp+sst2+record,5,sst2,0.8888888888888891,0.6238018870353699,0.7421166896820068
lora,mnli+qnli+qqp+sst2+record,5,record,0.2770694918297719,0.7499135732650757,0.8673293590545654
lora,mnli+qnli+record,3,mnli,0.6887485648679679,0.8649529218673706,0.9358960390090942
lora,mnli+qnli+record,3,qnli,0.846306592533757,0.738292932510376,0.8514887094497681
lora,mnli+qnli+record,3,record,0.44020470461483213,0.7993359565734863,0.9204025268554688
lora,mnli+qnli+sst2,3,mnli,0.6950631458094145,0.8569412231445312,0.9592594504356384
lora,mnli+qnli+sst2,3,qnli,0.7654884829229547,0.7415313720703125,0.8815735578536987
lora,mnli+qnli+sst2,3,sst2,0.9555555555555557,0.6151325106620789,0.8297746181488037
lora,mnli+qnli+sst2+record,4,mnli,0.5587830080367393,0.8550095558166504,0.9264540672302246
lora,mnli+qnli+sst2+record,4,qnli,0.7271644162033359,0.745872974395752,0.8408148288726807
lora,mnli+qnli+sst2+record,4,sst2,0.9454545454545459,0.6272827386856079,0.7790659666061401
lora,mnli+qnli+sst2+record,4,record,0.4286227329861735,0.7921203374862671,0.910513162612915
lora,mnli+qqp,2,mnli,0.9068886337543054,0.8448989391326904,0.9379979372024536
lora,mnli+qqp,2,qqp,0.8888659306924849,0.8421332240104675,0.9348194599151611
lora,mnli+qqp+record,3,mnli,0.6262916188289323,0.833289623260498,0.906781792640686
lora,mnli+qqp+record,3,qqp,0.8388334612432847,0.8224378228187561,0.9017504453659058
lora,mnli+qqp+record,3,record,0.34880588974681276,0.7765628695487976,0.8896592259407043
lora,mnli+qqp+sst2,3,mnli,0.8270952927669346,0.8444960117340088,0.9282755851745605
lora,mnli+qqp+sst2,3,qqp,0.884231654761202,0.8381450176239014,0.9256833791732788
lora,mnli+qqp+sst2,3,sst2,0.8424242424242425,0.6238009929656982,0.7908188104629517
lora,mnli+qqp+sst2+record,4,mnli,0.6446613088404133,0.8243751525878906,0.8984862565994263
lora,mnli+qqp+sst2+record,4,qqp,0.8373280595076451,0.8168045282363892,0.8943500518798828
lora,mnli+qqp+sst2+record,4,sst2,0.9292929292929295,0.6247245073318481,0.7470649480819702
lora,mnli+qqp+sst2+record,4,record,0.288561680732627,0.7678201198577881,0.8812186121940613
lora,mnli+record,2,mnli,0.886796785304248,0.8859006762504578,0.9617748260498047
lora,mnli+record,2,record,0.5608726880948106,0.8205373883247375,0.9415738582611084
lora,mnli+sst2,2,mnli,0.9368541905855339,0.864197850227356,0.9847228527069092
lora,mnli+sst2,2,sst2,0.9414141414141413,0.6244666576385498,0.8678420186042786
lora,mnli+sst2+record,3,mnli,0.8181400688863375,0.8752788305282593,0.9495335817337036
lora,mnli+sst2+record,3,sst2,0.9434343434343432,0.6287327408790588,0.80144202709198
lora,mnli+sst2+record,3,record,0.4406536182438499,0.8137893080711365,0.9297491908073425
lora,qnli+qqp,2,qnli,0.7529785544082604,0.7579024434089661,0.892620325088501
lora,qnli+qqp,2,qqp,0.6989491705531614,0.8910876512527466,0.967740535736084
lora,qnli+qqp+record,3,qnli,0.6644162033359808,0.7410248517990112,0.851587176322937
lora,qnli+qqp+record,3,qqp,0.6912450557884173,0.8612158298492432,0.9334921836853027
lora,qnli+qqp+record,3,record,0.352576764230562,0.8197798728942871,0.9140525460243225
lora,qnli+qqp+sst2,3,qnli,0.7946783161239079,0.7707428932189941,0.8774421215057373
lora,qnli+qqp+sst2,3,qqp,0.7100183009622765,0.88869309425354,0.9568222165107727
lora,qnli+qqp+sst2,3,sst2,0.793939393939394,0.6420162320137024,0.8266984224319458
lora,qnli+qqp+sst2+record,4,qnli,0.5591739475774423,0.7432199716567993,0.8420284986495972
lora,qnli+qqp+sst2+record,4,qqp,0.6924257630320563,0.8542115092277527,0.9242852926254272
lora,qnli+qqp+sst2+record,4,sst2,0.9090909090909095,0.6476104259490967,0.7816433906555176
lora,qnli+qqp+sst2+record,4,record,0.47171844137188007,0.8092062473297119,0.9055065512657166
lora,qnli+record,2,qnli,0.926131850675139,0.8017982244491577,0.9412631988525391
lora,qnli+record,2,record,0.716286586460765,0.8807172179222107,0.9699872732162476
lora,qnli+sst2,2,qnli,0.9400317712470214,0.8731400966644287,0.9697638750076294
lora,qnli+sst2,2,sst2,0.9757575757575757,0.7599678039550781,0.9201632738113403
lora,qnli+sst2+record,3,qnli,0.8530579825258141,0.8061084747314453,0.9160407781600952
lora,qnli+sst2+record,3,sst2,0.9616161616161616,0.6855874061584473,0.8502957820892334
lora,qnli+sst2+record,3,record,0.5631172562398994,0.8727933764457703,0.9586971402168274
lora,qqp+record,2,qqp,0.8925261231477655,0.8835402727127075,0.959459662437439
lora,qqp+record,2,record,0.5550368109175794,0.8286759853363037,0.9339663982391357
lora,qqp+sst2,2,qqp,0.8755829742015467,0.8993948101997375,0.9831849336624146
lora,qqp+sst2,2,sst2,0.9434343434343432,0.6246771216392517,0.8647556304931641
lora,qqp+sst2+record,3,qqp,0.8497254855658539,0.8790624141693115,0.9465107321739197
lora,qqp+sst2+record,3,sst2,0.9212121212121213,0.6518021821975708,0.8020241856575012
lora,qqp+sst2+record,3,record,0.4723469204525049,0.8292346596717834,0.9231588840484619
lora,sst2+record,2,sst2,0.963636363636364,0.6953625679016113,0.9147224426269531
lora,sst2+record,2,record,0.8153169330220866,0.911337673664093,0.9838612079620361
